Ticker,Name,1D (%),1M (%),6M (%),YTD (%),1Y (%)
AACG,"ATA Creativity Global - American Depositary Shares, each representing two common shares",-2,-11,-17,0,-42
AACI,Armada Acquisition Corp. III - Class A Ordinary Share,0,0,2,2,2
AACO,Abony Acquisition Corp. I - Class A Ordinary Share,0,0,1,1,1
AACP,Apogee Acquisition Corp - Class A Ordinary Shares,0,0,1,1,1
AAL,"American Airlines Group, Inc. - Common Stock",-2,3,23,-14,15
AAME,Atlantic American Corporation - Common Stock,1,-4,-40,-55,-53
AAOI,"Applied Optoelectronics, Inc. - Common Stock",-1,-1,-8,151,255
AAON,"AAON, Inc. - Common Stock",-3,6,2,5,-15
AAPG,Ascentage Pharma Group International - American Depository Shares,6,-6,-40,-38,-59
AAPL,Apple Inc. - Common Stock,1,1,29,23,30
ABAT,American Battery Technology Company - Common Stock,1,-19,-21,-40,-55
ABCL,AbCellera Biologics Inc. - Common Shares,-2,26,330,325,147
ABEO,Abeona Therapeutics Inc. - Common Stock,2,-11,10,-1,-3
ABLV,Able View Global Inc. - Class B Ordinary Shares,15,94,229,203,112
ABNB,"Airbnb, Inc. - Class A Common Stock",2,-13,27,21,34
ABOS,"Acumen Pharmaceuticals, Inc. - Common Stock",-1,-28,-20,10,28
ABSI,Absci Corporation - Common Stock,6,22,264,198,219
ABTC,American Bitcoin Corp. - Class A Common Stock,-3,-9,-36,-68,-92
ABTS,Abits Group Inc - Ordinary Shares,-4,-21,-15,-77,-88
ABVC,"ABVC BioPharma, Inc. - Common Stock",2,6,-24,-52,-65
ABVX,Abivax SA - American Depositary Shares,1,-13,-17,-26,18
ACAA,Averin Capital Acquisition Corp. - Class A Ordinary Shares,1,1,0,0,0
ACAD,ACADIA Pharmaceuticals Inc. - Common Stock,0,-28,-10,-23,-8
ACB,Aurora Cannabis Inc. - Common Shares,-3,0,13,-10,-31
ACCL,Acco Group Holdings Limited - Class A Ordinary Shares,-5,-7,86,-6,-36
ACCV,Accelevation Holdings Corp. - Class A ordinary shares,-8,-8,-8,-8,-8
ACDC,ProFrac Holding Corp. - Class A Common Stock,3,-15,-27,7,4
ACET,"Adicet Bio, Inc. - Common Stock",5,-24,3,-19,-47
ACFN,"Acorn Energy, Inc. - Common Stock",0,7,13,31,-32
ACGC,ACP Holdings Acquisition Corp. - Class A Ordinary Shares,0,0,1,1,1
ACGL,Arch Capital Group Ltd. - Common Stock,-3,-7,-5,-2,2
ACGLN,"Arch Capital Group Ltd. - Depositary Shares, each Representing a 1/1,000th Interest in a 4.550% Non-Cumulative Preferred Share, Series G",0,-1,-5,-6,-10
ACGLO,"Arch Capital Group Ltd. - Depositary Shares Each Representing 1/1,000th Interest in a Share of5.45% Non-Cumulative Preferred Shares, Series F",1,-1,-4,-6,-11
ACHC,"Acadia Healthcare Company, Inc. - Common Stock",-2,-3,10,92,1
ACHV,"Achieve Life Sciences, Inc.  - Common Shares",5,-3,150,63,157
ACIC,American Coastal Insurance Corporation - Common Stock,-2,-5,-19,-21,-18
ACLS,"Axcelis Technologies, Inc. - Common Stock",2,19,35,52,48
ACNB,ACNB Corporation - Common Stock,-1,-5,31,36,48
ACNT,Ascent Industries Co. - Common Stock,-2,-8,6,-12,12
ACOG,Alpha Cognition Inc. - Common Stock,3,-2,45,38,20
ACON,"Aclarion, Inc. - Common Stock",1,5,-29,-52,-67
ACT,"Enact Holdings, Inc. - Common Stock",-7,-13,5,11,20
ACTG,Acacia Research Corporation - Common Stock,0,-4,-14,15,31
ACXP,"Acurx Pharmaceuticals, Inc. - Common Stock",-3,-10,-64,-54,-72
ADAC,American Drive Acquisition Company - Class A Ordinary Shares,0,0,2,3,3
ADAG,"Adagene Inc. - ADS, each representing 1.25 ordinary shares",0,-13,-26,74,62
ADAM,"Adamas Trust, Inc. - Common Stock",-2,-17,12,15,27
ADAMG,"Adamas Trust, Inc. - 9.125% Senior Notes Due 2030",0,1,6,6,9
ADAMH,"Adamas Trust, Inc. - 9.875% Senior Notes Due 2030",0,0,5,5,10
ADAMI,"Adamas Trust, Inc. - 9.125% Senior Notes Due 2029",0,0,5,6,9
ADAMK,"Adamas Trust, Inc. - 9.600% Senior Notes Due 2031",0,-2,0,0,0
ADAML,"Adamas Trust, Inc. - 6.875% Series F Fixed-to-Floating Rate Cumulative Redeemable Preferred Stock, $0.01 par value per share",-1,-1,8,13,18
ADAMM,"Adamas Trust, Inc. - 7.875% Series E Fixed-to-Floating Rate Cumulative Redeemable Preferred Stock",-2,-3,5,7,9
ADAMN,"Adamas Trust, Inc. - 8.00% Series D Fixed-to-Floating Rate Cumulative Redeemable Preferred Stock",2,-1,14,18,21
ADAMO,"Adamas Trust, Inc. - 9.250% Senior Notes Due 2031",-1,-1,5,4,4
ADAMZ,"Adamas Trust, Inc. - 7.000% Series G Cumulative Redeemable Preferred Stock, $0.01 par value per share",-3,-8,-4,-9,-10
ADBE,Adobe Inc. - Common Stock,3,-16,-2,-28,-31
ADBT,"Advasa Holdings, Inc. - Common stock",9,-65,-98,-98,-98
ADEA,Adeia Inc.  - Common Stock,-1,0,-1,45,48
ADGM,"Adagio Medical Holdings, Inc - Common Stock",6,-72,-88,-86,-92
ADI,"Analog Devices, Inc. - Common Stock",0,11,22,46,66
ADIL,"Adial Pharmaceuticals, Inc - Common Stock",-3,-40,129,-33,-60
ADMA,ADMA Biologics Inc - Common Stock,1,5,8,-44,-32
ADP,"Automatic Data Processing, Inc. - Common Stock",-1,-8,28,4,-9
ADPT,Adaptive Biotechnologies Corporation - Common Stock,0,18,105,82,101
ADSE,ADS-TEC ENERGY PLC - Ordinary Shares,0,-5,2,-13,-4
ADSK,"Autodesk, Inc. - Common Stock",3,-12,-12,-27,-34
ADTN,"ADTRAN Holdings, Inc. - Common Stock",0,-4,-47,-21,-26
ADV,Advantage Solutions Inc.  - Class A Common Stock,-12,-19,10,27,-30
ADVB,Advanced Biomed Inc. - Common Stock,-1,-34,41,3,-33
ADXN,Addex Therapeutics Ltd - American Depositary Shares,-6,-26,-54,-66,-70
AEAQ,Activate Energy Acquisition Corp. - Class A Ordinary Share,0,0,1,2,2
AEBI,Aebi Schmidt Holding AG - Common Stock,-2,-16,14,-15,-14
AEC,Anfield Energy Inc. - Common Shares,-4,-23,-40,-45,-66
AEHL,Antelope Enterprise Holdings Limited - Class A Ordinary Shares,20,38,-45,-94,-97
AEI,Alset Inc. - Common Stock,-5,-46,-59,-78,-73
AEIS,"Advanced Energy Industries, Inc. - Common Stock",-1,3,-15,27,62
AEMD,"Aethlon Medical, Inc. - Common Stock",2,238,-39,-54,-83
AENT,Alliance Entertainment Holding Corporation - common stock,-1,-11,-31,-43,-32
AEP,"American Electric Power Company, Inc. - Common Stock",-1,-5,-9,5,7
AESP,Aeon Acquisition I Corp. - Class A Ordinary Shares,0,0,1,1,1
AEVA,"Aeva Technologies, Inc. - Common Stock",1,-8,11,10,-14
AEYE,"AudioEye, Inc. - Common Stock",1,-8,8,-32,-53
AFCG,Advanced Flower Capital Inc. - Common Stock,1,1,29,33,-3
AFJK,"Aimei Health Technology Co., Ltd - Ordinary Share",1,-1,-52,-84,7
AFYA,Afya Limited - Class A Common Shares,2,-18,-20,-16,-19
AGCC,Agencia Comercial Spirits Ltd - Class A Ordinary Share,0,0,-4,39,140
AGEN,Agenus Inc. - Common Stock,0,21,163,207,140
AGIO,"Agios Pharmaceuticals, Inc. - Common Stock",0,0,-4,22,-18
AGMB,AgomAb Therapeutics NV - ADRs representing one common share.,5,-25,-5,-24,-24
AGMH,AGM Group Holdings Inc. - Class A Ordinary Shares,-4,-20,-19,-64,-91
AGNC,AGNC Investment Corp. - Common Stock,-3,-14,-5,-8,3
AGNCL,"AGNC Investment Corp. - Depositary Shares Each Representing a 1/1,000th Interest in a Share of 7.75% Series G Fixed-Rate Reset Cumulative Redeemable Preferred Stock",0,1,9,8,9
AGNCM,AGNC Investment Corp. - Depositary Shares rep 6.875% Series D Fixed-to-Floating Cumulative Redeemable Preferred Stock,0,0,8,6,8
AGNCN,"AGNC Investment Corp. - Depositary Shares Each Representing a 1/1,000th Interest in a Share of 7.00% Series C Fixed-To-Floating Rate Cumulative Redeemable Preferred Stock",1,0,5,6,8
AGNCO,"AGNC Investment Corp. - Depositary Shares, each representing a 1/1,000th interest in a share of Series E Fixed-to-Floating Cumulative Redeemable Preferred Stock",-1,-2,5,5,7
AGNCP,"AGNC Investment Corp. - Depositary Shares Each Representing a 1/1,000th Interest in a Share of 6.125% Series F Fixed-to-Floating Rate Cumulative Redeemable Preferred Stock",-2,-2,6,5,7
AGNCZ,"AGNC Investment Corp. - Depositary Shares Each Representing a 1/1,000th Interest in a Share of 8.75% Series H Fixed-Rate Cumulative Redeemable Preferred Stock",0,-2,4,3,6
AGNT,"AGNT, Inc. - Common Stock",3,-9,-36,-58,-65
AGYS,"Agilysys, Inc. - Common Stock",1,-15,36,-16,-7
AHCO,AdaptHealth Corp.  - Common Stock,-1,-12,-53,-42,-38
AHG,Akso Health Group - American Depositary Shares,30,3,-60,-44,-44
AHMA,Ambitions Enterprise Management Co. L.L.C - Class A Ordinary Shares,1,-1,29,-74,-71
AIAI,AIAI Holdings Corporation - Class A common stock,2,-24,-79,-79,-79
AIBZ,Bitzero Holdings Inc. - Common Shares,-1,-11,-56,-56,-56
AIDX,"20/20 Biolabs, Inc. - Common Stock",7,-28,-78,-98,-98
AIFA,"All In FutureTech Alliance, Inc. - Common Stock",4,38,131,64,-24
AIFC,AI Financial Corporation - Common Stock,0,-16,-59,-60,-83
AIFF,"Firefly Neuroscience, Inc.  - Common Stock",-6,39,-26,72,-48
AIIO,Robo.ai Inc. - Class B Ordinary Shares,-4,-26,39,-79,-96
AIMD,"Ainos, Inc. - Common Stock",2,-19,-15,-27,-64
AIOS,AIOS Tech Inc. - Class A Common Shares,-7,-7,12,-39,-84
AIOT,"PowerFleet, Inc. - Common Stock",3,-7,-12,-46,-44
AIP,"Arteris, Inc.  - Common Stock",2,14,30,52,115
AISP,"Airship AI Holdings, Inc - Class A Common Stock",2,-11,-20,-40,-68
AIXI,XIAO-I Corporation - American Depositary Shares,-7,187,-91,-84,-94
AKAM,"Akamai Technologies, Inc. - Common Stock",-2,0,-7,25,37
AKAN,Akanda Corp. - Common Shares,0,-30,-21,-77,-96
AKBA,"Akebia Therapeutics, Inc. - Common Stock",4,-6,-30,-41,-67
AKTS,"Aktis Oncology, Inc. - Common stock",-1,-27,19,-13,-13
AKTX,Akari Therapeutics Plc - American Depositary Shares,-4,-14,163,-20,-75
ALAB,"Astera Labs, Inc. - Common Stock",-1,26,202,98,77
ALCO,"Alico, Inc. - Common Stock",0,-4,-10,5,15
ALDF,Aldel Financial II Inc. - Class A Ordinary Shares,0,0,2,3,4
ALDX,"Aldeyra Therapeutics, Inc. - Common Stock",-7,-17,-20,-74,-79
ALEC,"Alector, Inc. - Common Stock",-1,-26,-21,21,-44
ALF,Centurion Acquisition Corp. - Class A Ordinary Shares,0,-1,0,2,3
ALGM,"Allegro MicroSystems, Inc. - Common Stock",-1,2,11,35,28
ALGN,"Align Technology, Inc. - Common Stock",1,-9,-15,-7,10
ALGS,"Aligos Therapeutics, Inc. - Common stock",0,-9,-30,-38,-44
ALGT,Allegiant Travel Company - Common Stock,-2,0,-6,-14,21
ALHC,"Alignment Healthcare, Inc. - Common Stock",3,-40,-56,-60,-51
ALIS,Calisa Acquisition Corp - Ordinary shares,0,1,3,4,4
ALKS,Alkermes plc - Ordinary Shares,-1,-14,19,43,30
ALKT,"Alkami Technology, Inc. - Common Stock",2,-32,-18,-40,-44
ALLO,"Allogene Therapeutics, Inc. - Common Stock",-1,-19,-38,19,20
ALLT,Allot Ltd. - Ordinary Shares,0,11,18,-13,-21
ALM,Almonty Industries Inc. - Common Shares,0,-26,-21,50,109
ALMS,Alumis Inc. - Common Stock,1,-35,-66,-17,84
ALNT,Allient Inc. - Common Stock,0,24,85,101,156
ALNY,"Alnylam Pharmaceuticals, Inc. - Common Stock",-3,-7,-25,-38,-46
ALOV,"Aldabra 4 Liquidity Opportunity Vehicle, Inc. - Class A Ordinary Shares",0,0,2,2,2
ALOY,REalloys Inc. - Common Stock,2,-19,-6,-15,35
ALP,Alpha Compute Corp  - Ordinary Shares,-6,4100,1386,531,-16
ALPS,ALPS Group Inc - Ordinary Share,-1,5,-60,-56,-84
ALPX,Alpex Acquisition Corporation - Class A Ordinary Shares,0,0,1,1,1
ALT,"Altimmune, Inc. - Common Stock",-4,-11,-14,-19,-27
ALTI,"AlTi Global, Inc. - Class A Common Stock",-1,-22,-21,-37,-18
ALTO,"Alto Ingredients, Inc. - Common Stock",2,-8,-19,39,232
ALVO,Alvotech - Ordinary Shares,-2,8,53,16,-30
ALXO,ALX Oncology Holdings Inc. - Common Stock,3,-32,-29,21,-36
ALZN,"Alzamend Neuro, Inc. - Common Stock",-5,2,82,-9,-32
AMAC,AMR Resources Acquisition Corp - Class A Ordinary Shares,0,-1,-1,-1,-1
AMAL,Amalgamated Financial Corp. - Common Stock,2,-3,19,51,79
AMAN,Amanat Acquisition Corp - Class A Ordinary Shares,0,-1,6,6,6
AMAT,"Applied Materials, Inc. - Common Stock",0,17,45,91,136
AMBA,"Ambarella, Inc. - Ordinary Shares",1,10,36,-8,-17
AMCI,AMC Robotics Corporation - Common Stock,2,-13,-44,-54,-73
AMCX,AMC Global Media Inc. - Class A Common Stock,1,-9,58,26,44
AMD,"Advanced Micro Devices, Inc. - Common Stock",1,34,178,174,272
AMGN,Amgen Inc. - Common Stock,-1,-5,25,31,45
AMIX,"Autonomix Medical, Inc. - Common Stock",2,-18,-53,-66,-84
AMLX,"Amylyx Pharmaceuticals, Inc. - Common Stock",-1,-14,84,155,117
AMOD,"Alpha Modus Holdings, Inc. - Class A Common Stock",-2,-30,-89,-92,-97
AMPG,"Amplitech Group, Inc. - Common Stock",-2,-8,64,-4,-27
AMPGZ,"Amplitech Group, Inc. - Series B Right",,0,0,0,0
AMPH,"Amphastar Pharmaceuticals, Inc. - Common Stock",-3,8,25,-2,-4
AMPL,"Amplitude, Inc. - Class A Common Stock",2,2,103,27,37
AMSC,American Superconductor Corporation - Common Stock,0,0,-11,-8,-51
AMSF,"AMERISAFE, Inc. - Common Stock",-1,-9,-28,-34,-41
AMSS,AMASS Brands Inc. - Common Stock,7,-43,-96,-96,-96
AMST,Amesite Inc. - Common Stock,0,-7,-44,-50,-69
AMTX,"Aemetis, Inc - Common Stock",-3,-3,-43,12,-33
AMZN,"Amazon.com, Inc. - Common Stock",1,-4,17,10,14
ANAB,"AnaptysBio, Inc. - Common Stock",0,-13,21,68,144
ANDE,"The Andersons, Inc. - Common Stock",-1,-5,-12,25,61
ANGH,Anghami Inc. - Ordinary Shares,-1,2,1,-6,26
ANGI,Angi Inc. - Class A Common Stock,1,19,-18,-54,-65
ANGO,"AngioDynamics, Inc. - Common Stock",-1,-1,56,21,32
ANIK,Anika Therapeutics Inc. - Common Stock,-1,-6,33,110,117
ANIP,"ANI Pharmaceuticals, Inc. - Common Stock",0,1,-6,-7,-19
ANIX,"Anixa Biosciences, Inc. - Common Stock",3,-4,13,-7,-10
ANL,Adlai Nortye Group Ltd. - American Depositary Shares,2,8,78,1059,825
ANNA,"AleAnna, Inc. - Class A Common Stock",1,-15,-66,-5,-35
ANNX,"Annexon, Inc. - common stock",2,-13,-27,-10,33
ANPA,Rich Sparkle Holdings Limited - Ordinary Shares,-6,-50,-80,-92,-93
ANTA,Antalpha Platform Holding Company - Class A Ordinary Shares,14,-26,-61,-71,-79
ANTX,"AN2 Therapeutics, Inc. - Common Stock",5,-11,58,379,309
AOSL,Alpha and Omega Semiconductor Limited - Common Shares,0,12,19,33,-3
APA,APA Corporation - Common Stock,-2,-6,-2,68,75
APAC,StoneBridge Acquisition II Corporation - Class A Ordinary Shares,0,0,2,3,4
APC,ARKO Petroleum Corp. - Class A Common Stock,-1,-20,-16,-12,-12
APEI,"American Public Education, Inc. - Common Stock",3,-7,-28,17,10
API,"Agora, Inc. - ADS",1,0,13,3,11
APLD,Applied Digital Corporation - Common Stock,-4,-6,-3,-13,-8
APLM,Apollomics Inc. - Class A Ordinary Shares,3,-11,78,29,35
APMC,AmperCap Acquisition Company - Ordinary Shares,0,0,1,1,1
APMD,"Apnimed, Inc. - Common Stock",-8,-21,-12,-12,-12
APOG,"Apogee Enterprises, Inc. - Common Stock",-1,-7,8,-3,-18
APP,Applovin Corporation - Class A Common Stock,-5,-7,-30,-53,-57
APPF,"AppFolio, Inc. - Class A Common Stock",2,-10,26,-13,-20
APPN,Appian Corporation - Class A Common Stock,0,-14,44,4,17
APPS,"Digital Turbine, Inc. - Common Stock",-5,2,266,132,75
APVO,Aptevo Therapeutics Inc. - Common Stock,-2,6,-57,-81,-93
APXT,Apex Treasury Corporation - Class A Ordinary Share,0,0,1,2,2
APYX,Apyx Medical Corporation - Common Stock,-6,-20,-35,-30,3
AQB,"AquaBounty Technologies, Inc. - Common Stock",-2,-22,1,-3,-59
AQMS,"Aqua Metals, Inc. - Common Stock",-6,-15,-36,-54,-65
AQST,"Aquestive Therapeutics, Inc. - Common Stock",-1,-13,13,-28,-20
ASBP,"Aspire-Lakewood Holdings, Inc. - Common Stock",2,-10,639,52,-46
ASLE,AerSale Corporation - Common Stock,-1,-7,-17,-27,-34
ASMB,"Assembly Biosciences, Inc. - Common Stock",0,-35,-20,-30,1
ASML,ASML Holding N.V. - New York Registry Shares,-1,10,39,56,77
ASND,Ascendis Pharma A/S - Ordinary Share,0,-16,1,7,12
ASO,"Academy Sports and Outdoors, Inc. - Common Stock",0,10,-18,-7,-10
ASPC,A SPAC III Acquisition Corp. - Class A Ordinary Shares,0,-1,-1,-50,5
ASPI,ASP Isotopes Inc. - Common Stock,1,-32,-37,-53,-72
ASPS,Altisource Portfolio Solutions S.A. - Common Stock,9,18,-4,-4,-48
ASPSZ,Altisource Portfolio Solutions S.A. - Cash Exercise Stakeholder Warrants,,0,0,0,0
ASST,"Strive, Inc. - Class A Common Stock",0,10,191,70,-43
ASTC,Astrotech Corporation - Common Stock,0,5,123,106,28
ASTE,"Astec Industries, Inc. - Common Stock",-1,-5,-27,-9,-18
ASTH,Astrana Health Inc. - Common Stock,0,-6,37,41,24
ASTI,"Ascent Solar Technologies, Inc - Common Stock",-3,-17,-40,-38,10
ASTL,Algoma Steel Group Inc. - Common Shares,-1,-6,0,6,26
ASTS,"AST SpaceMobile, Inc. - Class A Common Stock",-1,-5,-38,-29,-13
ASYS,"Amtech Systems, Inc. - Common Stock",1,17,37,30,83
ATAT,Atour Lifestyle Holdings Limited - American Depositary Shares,-1,-6,-8,-17,-7
ATCX,Atlas Critical Minerals Corporation - Common Stock,-2,-4,-52,-66,-66
ATEC,"Alphatec Holdings, Inc. - Common Stock",0,11,-6,-50,-26
ATEX,Anterix Inc. - Common Stock,-1,-10,94,253,248
ATGL,Alpha Technology Group Limited - Class A Ordinary Shares,4,-10,-66,-74,-77
ATHE,Alterity Therapeutics Limited - American Depositary Shares,0,-19,1,16,-14
ATII,Archimedes Tech SPAC Partners II Co. - Ordinary Shares,0,0,3,3,5
ATLC,Atlanticus Holdings Corporation - Common Stock,0,-9,58,32,54
ATLCL,Atlanticus Holdings Corporation - 6.125% Senior Notes due 2026,0,0,4,7,7
ATLCP,"Atlanticus Holdings Corporation - 7.625% Series B Cumulative Perpetual Preferred Stock, no par value per share",-1,-1,12,3,5
ATLCZ,Atlanticus Holdings Corporation - 9.25% Senior Notes due 2029,-2,-1,3,4,6
ATLO,Ames National Corporation - Common Stock,-1,-2,12,41,62
ATLQ,JAB Acquisition Corp I - Class A Ordinary Shares,0,0,1,1,1
ATLX,Atlas Lithium Corporation - Common Stock,2,-23,-46,-42,-58
ATNI,"ATN International, Inc. - Common Stock",0,-10,3,28,89
ATOM,Atomera Incorporated - Common Stock,3,11,4,85,-12
ATOS,"Atossa Therapeutics, Inc. - Common Stock",-2,-23,-62,-79,-87
ATPC,Agape ATP Corporation - Common Stock,-2,-14,-36,-61,-96
ATTO,"Attovia Therapeutics, Inc. - Common Stock",-6,-29,-22,-22,-22
ATTT,Atlas Trinity Tech Limited - Ordinary Shares,8,13,-24,42,-57
ATXG,Addentax Group Corp. - Common Stock,8,1,-30,-35,-77
AVAH,Aveanna Healthcare Holdings Inc. - Common Stock,-3,-9,91,54,44
AVAT,Avalanche Treasury Corporation - Class A Common Stock,-4,151,-83,-82,-82
AVAV,"AeroVironment, Inc. - Common Stock",-1,-3,-25,-44,-62
AVBH,"Avidbank Holdings, Inc. - Common Stock",0,-2,7,18,21
AVBP,"ArriVent BioPharma, Inc. - Common Stock",3,-2,21,46,53
AVGO,Broadcom Inc. - Common Stock,-1,-1,12,2,5
AVLN,Avalyn Pharma Inc. - common stock,5,-20,-3,-3,-3
AVO,"Mission Produce, Inc. - Common Stock",0,4,-9,13,8
AVPT,"AvePoint, Inc. - Class A Common Stock",4,4,40,7,-7
AVT,"Avnet, Inc. - Common Stock",-2,10,61,105,97
AVTX,"Avalo Therapeutics, Inc. - Common Stock",-2,-19,-6,-10,14
AVX,Avax One Technology Ltd. - Common Shares,4,95,12,-63,-85
AVXL,Anavex Life Sciences Corp. - Common Stock,-14,-29,-32,-45,-80
AXG,Solowin Holdings - Class A Ordinary Share,-3,-95,-97,-97,-96
AXGN,"Axogen, Inc. - Common Stock",-1,-11,28,35,134
AXIN,Axiom Intelligence Acquisition Corp 1 - Class A Ordinary Shares,0,0,2,3,4
AXON,"Axon Enterprise, Inc. - Common Stock",1,-21,2,-25,-41
AXSM,"Axsome Therapeutics, Inc. - Common Stock",-1,-11,9,3,53
AXTI,AXT Inc - Common Stock,-1,38,84,362,1409
AYA,Aya Gold & Silver Inc. - Common Shares,-1,-10,66,91,123
AZ,A2Z Cust2Mate Solutions Corp. - Common Shares,4,-4,-26,-16,-27
AZI,Autozi Internet Technology (Global) Ltd. - Class A Ordinary Shares,0,-8,-39,-96,-99
AZIO,"Azio AI Holdings, Inc. - Common stock",4,9,-27,211,-14
AZTA,"Azenta, Inc. - Common Stock",2,12,54,4,8
BACC,Blue Acquisition Corp. - Class A Ordinary Shares,0,0,3,3,5
BAFN,BayFirst Financial Corp. - Common Stock,-6,-5,0,-13,-34
BAND,Bandwidth Inc. - Class A Common Stock,-3,29,232,327,277
BANF,BancFirst Corporation - Common Stock,-1,-5,-3,0,-15
BANFP,BancFirst Corporation - 7.2% Cumulative Trust Preferred Securities,-5,-3,3,5,9
BANL,CBL International Limited - Class B Ordinary Shares,-3,-70,-46,-20,-52
BANX,ArrowMark Financial Corp. - Closed End Fund,0,-4,7,-3,1
BAOS,Baosheng Media Group Holdings Limited - Ordinary shares,0,-15,-91,-91,-93
BBCP,"Concrete Pumping Holdings, Inc.  - Common Stock",0,9,38,42,39
BBGI,"Beasley Broadcast Group, Inc. - Class A Common Stock",-9,-29,305,150,125
BBIO,"BridgeBio Pharma, Inc. - Common Stock",0,-13,-9,-16,24
BBLG,Bone Biologics Corp - Common Stock,0,-11,-59,-68,-80
BBNX,"Beta Bionics, Inc. - Common Stock",-2,-5,91,-35,-15
BBOT,"BridgeBio Oncology Therapeutics, Inc. - Common Stock",5,-54,-54,-67,-67
BBSI,"Barrett Business Services, Inc. - Common Stock",-1,-11,2,-16,-32
BCAL,California BanCorp - Common Stock,0,-1,20,17,27
BCAX,Bicara Therapeutics Inc. - Common Stock,0,-20,-11,14,9
BCBP,"BCB Bancorp, Inc. (NJ) - Common Stock",0,-1,-7,10,5
BCCQ,Bleichroeder Acquisition Corp. III - Class A Ordinary Shares,0,-1,0,0,0
BCDA,"BioCardia, Inc. - Common Stock",-2,-7,-14,-20,-26
BCG,"Binah Capital Group, Inc. - Common Stock",-2,-16,-50,-59,-34
BCIC,BCP Investment Corporation - Closed End Fund,-1,-6,-7,-36,-33
BCML,BayCom Corp - Common Stock,-1,1,3,8,12
BCPC,Balchem Corporation - Common Stock,-1,-4,-3,7,14
BCTX,BriaCell Therapeutics Corp. - Common Shares,5,21,-1,-40,-67
BCTXL,BriaCell Therapeutics Corp. - Warrants,,0,0,0,0
BCTXZ,BriaCell Therapeutics Corp. - Warrant,,0,0,0,0
BCYC,Bicycle Therapeutics plc - American Depositary Shares,1,-13,-25,-45,-56
BDCI,BTC Development Corp. - Class A Ordinary Shares,0,0,1,1,0
BDMD,Baird Medical Investment Holdings Ltd - Ordinary Share,-2,-33,-59,-42,-62
BDSX,"Biodesix, Inc. - Common Stock",2,13,94,362,285
BDTX,"Black Diamond Therapeutics, Inc. - Common Stock",1,-10,-25,-24,-52
BEAG,Bold Eagle Acquisition Corp. - Class A Ordinary Shares,0,-1,1,1,2
BEAM,Beam Therapeutics Inc. - Common Stock,0,-17,1,-10,-5
BEAT,"Heartbeam, Inc. - Common Stock",0,-13,-69,-85,-81
BEEM,Beam Global - Common Stock,1,-20,-27,-30,-62
BEEP,Mobile Infrastructure Corporation - Common Stock,1,-3,26,11,-16
BELFA,Bel Fuse Inc. - Class A Common Stock,0,-2,1,29,75
BELFB,Bel Fuse Inc. - Class B Common Stock,-1,2,18,41,76
BENF,Beneficient - Class A Common Stock,-4,-37,-64,-81,-81
BFC,Bank First Corporation - Common Stock,0,-3,9,25,18
BFST,"Business First Bancshares, Inc. - Common Stock",-1,-4,10,18,32
BGC,"BGC Group, Inc. - Class A Common Stock",1,-5,11,30,26
BGDE,"Big Digital Energy, Inc. - Common Stock",0,-20,106,17,-65
BGIN,Bgin Blockchain Limited - Class A Ordinary Shares,-7,23,-28,-12,-52
BGL,Blue Gold Limited - Class A ordinary shares,-3,-4,-83,-92,-98
BGLC,BioNexus Gene Lab Corp - Common stock,-4,-17,-46,-69,-77
BGM,BGM Group Ltd. - Class A Ordinary Shares,1,2571,2170,111,-21
BGMS,"Bio Green Med Solution, Inc. - Common Stock",0,-4,-14,-38,-82
BHAV,BHAV Acquisition Corp - Class A Ordinary Shares,0,0,2,2,2
BHF,"Brighthouse Financial, Inc. - Common Stock",-4,-7,-17,-23,-6
BHFAL,"Brighthouse Financial, Inc. - Junior Subordinated Debentures due 2058",-1,3,-4,-1,-5
BHFAM,"Brighthouse Financial, Inc. - Depositary shares each representing a 1/1,000th Interest in a Share of 4.625% Non-Cumulative Preferred Stock, Series D",-1,1,-11,-5,-7
BHFAN,"Brighthouse Financial, Inc. - depositary shares, each representing a 1/1,000th interest in a share of 5.375% Non-Cumulative Preferred Stock, Series C",1,-1,-8,-4,-4
BHFAO,"Brighthouse Financial, Inc. - Depositary Shares, each representing a 1/1,000th interest in a share of 6.750% Non-Cumulative Preferred Stock, Series B",-1,-1,-12,-3,-4
BHFAP,"Brighthouse Financial, Inc. - Depositary Shares 6.6% Non-Cumulative Preferred Stock, Series A",0,-1,-10,-3,-4
BHST,BioHarvest Sciences Inc. - Common Stock,1,-18,-66,-72,-83
BIAF,"bioAffinity Technologies, Inc. - Common Stock",-5,-49,-90,-64,-83
BID,Tribeca Strategic Acquisition Corp. - Class A Ordinary Shares,0,-1,1,1,1
BIIB,Biogen Inc. - Common Stock,-1,1,31,27,41
BILI,Bilibili Inc. - American Depositary Shares,1,-3,-35,-43,-47
BIOA,"BioAge Labs, Inc. - Common Stock",-1,-25,-60,-45,26
BIOT,Instinct Bio Technical Company Holdings Inc. - Common stock,-3,-8,-98,-98,-98
BIOX,Bioceres Crop Solutions Corp. - Ordinary Shares,1,-17,-38,-74,-74
BIVI,BioVie Inc. - Common stock,-1,-25,3,14,-22
BIXI,Bitcoin Infrastructure Acquisition Corp Ltd. - Class A Ordinary Shares,0,0,2,3,3
BIYA,Baiya International Group Inc.  - Ordinary Shares,-4,-15,-85,-96,-99
BJDX,"Bluejay Diagnostics, Inc. - Common Stock",-9,1,-58,-67,-86
BKHA,Black Hawk Acquisition Corporation - Class A Ordinary Shares,0,3,7,10,10
BKNG,Booking Holdings Inc. - Common Stock,0,-16,-7,-23,-24
BKYI,"BIO-key International, Inc. - Common Stock",-10,-1,-49,-53,-65
BL,"BlackLine, Inc. - Common Stock",1,-20,-27,-51,-49
BLBD,Blue Bird Corporation - Common Stock,-2,-13,-3,19,3
BLDP,"Ballard Power Systems, Inc. - Common Shares",-3,-11,-19,-24,-42
BLFS,"BioLife Solutions, Inc. - Common Stock",-1,9,102,63,46
BLIN,"Bridgeline Digital, Inc. - Common Stock",1,-14,-5,-2,-39
BLIV,BeLive Holdings - ordinary shares,-4,12,-9,-27,-36
BLKB,"Blackbaud, Inc. - Common Stock",0,-14,7,-30,-34
BLLN,"BillionToOne, Inc. - Class A common stock",-10,7,24,19,-2
BLMN,"Bloomin' Brands, Inc. - Common Stock",-4,-20,35,21,4
BLNE,"Beeline Holdings, Inc. - Common Stock",-3,-24,-63,-55,-77
BLNK,Blink Charging Co. - Common Stock,-3,-9,-7,-27,-73
BLSM,"BlossomHill Therapeutics, Inc. - Common Stock",-13,-7,16,16,16
BLTE,"Belite Bio, Inc - American Depositary Shares",2,-1,-1,7,125
BLZE,"Backblaze, Inc. - Common Stock",5,5,278,195,44
BMBL,Bumble Inc. - common stock,2,-8,-24,-27,-55
BMEA,"Biomea Fusion, Inc. - Common Stock",6,-30,-12,-1,-38
BMGL,Basel Medical Group Ltd - ordinary shares,1,-35,-57,-54,-84
BMHL,Bluemount Holdings Limited - Class B Ordinary Shares,-7,-28,18,23,17
BMM,Blue Moon Metals Inc. - Common Shares,-2,-18,-23,11,11
BNAI,Brand Engagement Network Inc. - Common Stock,2,-43,-86,61,1
BNC,BNB Standard Corporation - Common Stock,0,79,114,-8,-28
BNGO,"Bionano Genomics, Inc. - Common Stock",-10,26,36,-2,-19
BNKK,"Bonk, Inc. - Common Stock",-1,62,-31,-33,-85
BNTC,Benitec Biopharma Inc. - Common Stock,3,-20,-9,-21,-28
BNTX,BioNTech SE - American Depositary Shares,0,-4,8,2,-7
BODI,"The Beachbody Company, Inc. - Class A Common Stock",0,-18,-59,-50,-19
BOF,BranchOut Food Inc. - Common Stock,-3,-1,1,18,83
BOKF,BOK Financial Corporation - Common Stock,-2,-8,-2,8,14
BOLD,"Boundless Bio, Inc. - Common Stock",-2,-13,113,106,104
BOLT,"Bolt Biotherapeutics, Inc. - Common Stock",2,-6,-25,-36,-31
BON,Bon Natural Life Limited - Class A Ordinary Shares,0,6,-10,-30,-40
BOOM,DMC Global Inc. - Common Stock,-1,-19,2,-19,-31
BOSC,B.O.S. Better Online Solutions - Ordinary Shares,-2,0,-3,-1,-3
BOT,"RoboStrategy, Inc. - Common Stock",-1,-3,-33,-33,-33
BOTJ,"Bank of the James Financial Group, Inc. - Common Stock",-1,-2,28,47,75
BOXL,Boxlight Corporation - Class A Common Stock,0,-22,-39,-54,-94
BPAC,Blueport Acquisition Ltd - Class A Ordinary Shares,0,0,2,3,3
BPOP,"Popular, Inc. - Common Stock",-1,-9,12,25,26
BPOPM,"Popular, Inc. - Popular Capital Trust II - 6.125% Cumulative Monthly Income Trust Preferred Securities",0,1,3,4,7
BPYPM,"Brookfield Property Partners L.P. - 6.25% Class A Cumulative Redeemable Preferred Units, Series 1",3,-5,1,10,11
BPYPN,"Brookfield Property Partners L.P. - 5.750% Class A Cumulative Redeemable Perpetual Preferred Units, Series 3",0,-2,3,7,10
BPYPO,"Brookfield Property Partners L.P. - 6.375% Class A Cumulative Redeemable Perpetual Preferred Units, Series 2",1,1,6,11,11
BPYPP,Brookfield Property Partners L.P. - 6.50% Class A Cumulative Redeemable Perpetual Preferred Units,-1,-2,4,14,15
BSAA,BEST SPAC I Acquisition Corp. - Class A Ordinary Shares,0,3,10,12,12
BSBK,Bogota Financial Corp. - Common Stock,0,0,4,5,-3
BSEM,"BioStem Technologies, Inc. - Common Stock",-19,-14,-37,-21,-38
BSET,"Bassett Furniture Industries, Incorporated - Common Stock",-3,-6,27,9,18
BSIN,Big Sky Industrial Inc. - Common Stock,1,-10,62,47,17
BSP,Bending Spoons S.p.A. - Ordinary Shares,2,-20,-18,-18,-18
BSVN,Bank7 Corp. - Common stock,-1,5,35,34,20
BSY,"Bentley Systems, Incorporated - Class B Common Stock",3,-10,-9,-16,-41
BTBD,"BT Brands, Inc. - Common Stock",1,9,-11,28,-2
BTBT,"Bit Digital, Inc. - Ordinary Share",-1,0,20,-20,-53
BTCS,BTCS Inc. - Common Stock,-4,-2,-3,-49,-71
BTCT,BTC Digital Ltd. - Ordinary Shares,3,-41,-3,-31,-62
BTLN,"Brightline Interactive, Inc. - Common Stock",-4,426,761,409,178
BTMD,Biote Corp. - Class A common stock,-2,-22,-26,-51,-59
BTOC,Armlogi Holding Corp. - common stock,-1,-22,-22,-57,-71
BTQ,BTQ Technologies Corp. - Common Stock,2,-3,19,-44,-58
BTSG,"BrightSpring Health Services, Inc. - Common Stock",2,-8,30,48,100
BTTC,Black Titan Corp - Ordinary Shares,12,21,-61,-72,-94
BVC,BitVentures Limited - Ordinary Share,1,-24,6,721,703
BVFL,"BV Financial, Inc. - Common Stock",-1,-4,9,15,34
BVS,Bioventus Inc. - Class A Common Stock,-3,-5,51,89,94
BXBL,"BOXABL, Inc.  - Common stock",-13,-26,-68,-67,-67
BYAH,"Park Ha Biological Technology Co., Ltd. - Class A Ordinary Shares",-5,-13,-72,-97,-99
BYFC,Broadway Financial Corporation - Class A Common Stock,-1,-2,61,55,56
BYND,"Beyond Meat, Inc. - Common stock",0,-27,-53,-69,-89
BYSI,"BeyondSpring, Inc. - Ordinary Shares",0,24,-55,-52,-56
BZ,KANZHUN LIMITED - American Depository Shares,4,-9,14,-27,-34
BZAI,"Blaize Holdings, Inc. - Common Stock",0,-5,-74,-77,-88
BZFD,"BuzzFeed, Inc. - Class A Common Stock",-4,0,77,17,-35
CAAS,"China Automotive Systems, Inc. - Ordinary Share",-1,-12,15,11,3
CABA,"Cabaletta Bio, Inc. - Common Stock",-3,-45,-36,-13,-21
CAC,Camden National Corporation - Common Stock,-1,-4,15,32,50
CACC,Credit Acceptance Corporation - Common Stock,-1,-12,20,17,9
CADL,"Candel Therapeutics, Inc. - Common Stock",-4,-20,108,92,88
CAE,CAE Inc - Common Shares,-1,-2,-10,-22,-17
CAES,"Cantor Equity Partners VII, Inc. - Class A Ordinary Shares",0,0,-1,-1,-1
CAI,"Caris Life Sciences, Inc. - Common Stock",-3,21,61,14,-4
CAII,Collective Acquisition Corp. II - Class A Ordinary Shares,0,0,1,1,1
CAKE,The Cheesecake Factory Incorporated - Common Stock,-2,-2,86,102,93
CALC,"CalciMedica, Inc. - Common Stock",1,-26,-48,-95,-90
CALM,"Cal-Maine Foods, Inc. - Common Stock",-1,-10,-13,-12,-24
CAMP,CAMP4 Therapeutics Corporation - Common Stock,3,-10,-10,-33,33
CAMT,Camtek Ltd. - Ordinary Shares,2,12,-2,34,37
CAN,Canaan Inc. - American Depositary Shares,-8,-12,-17,-55,-74
CAPN,Cayson Acquisition Corp - Ordinary Shares,0,1,2,6,7
CAPS,Capstone Holding Corp. - Common Stock,-12,-26,-75,-80,-89
CAQ,Cambridge Acquisition Corp. - Class A Ordinary Shares,0,0,2,1,1
CASH,"Pathward Financial, Inc. - Common Stock",-1,-14,-23,-1,-3
CASS,"Cass Information Systems, Inc - Common Stock",-1,-4,20,34,39
CAST,"FreeCast, Inc. - Class A common stock",-3,-18,-74,-88,-88
CASY,"Caseys General Stores, Inc. - Common Stock",1,-20,-19,10,8
CATL,Catalyst Acquisition Corp. - Class A Ordinary Share,0,-1,-1,-1,-1
CATY,Cathay General Bancorp - Common Stock,-1,-5,17,25,27
CBAT,CBAK Energy Technology Limited - Ordinary Shares,8,29,64,55,39
CBC,"Central Bancompany, Inc. - Class A Common Stock",-1,-4,30,33,34
CBFV,"CB Financial Services, Inc. - Common Stock",1,-1,8,10,16
CBIO,"Crescent Biopharma, Inc. - Common Stock",-1,-28,-25,32,24
CBK,"Commercial Bancgroup, Inc. - Common Stock",0,-7,18,32,31
CBLL,"CeriBell, Inc. - Common Stock",-2,-1,34,15,93
CBNK,"Capital Bancorp, Inc. - Common Stock",10,7,31,42,32
CBSH,"Commerce Bancshares, Inc. - Common Stock",-1,-6,11,6,-1
CCAP,"Crescent Capital BDC, Inc. - Common Stock",0,-9,-21,-28,-26
CCAQ,Collective Acquisition Corp. - Class A ordinary shares,0,1,3,5,6
CCB,Coastal Financial Corporation - Common Stock,0,-19,-49,-65,-63
CCBG,Capital City Bank Group - Common Stock,-1,-6,9,16,17
CCC,CCC Intelligent Solutions Holdings Inc. - Common Stock,1,-8,9,-15,-29
CCCC,"C4 Therapeutics, Inc. - Common Stock",6,-11,17,73,47
CCCT,Columbus Circle Capital Corp III - Class A Ordinary Shares,0,0,0,0,0
CCD,Calamos Dynamic Convertible & Income Fund - Closed End Fund,-1,-7,7,14,16
CCEC,Capital Clean Energy Carriers Corp. - Common Share,-12,-17,1,-6,-10
CCEP,Coca-Cola Europacific Partners plc - Ordinary Shares,-1,-7,10,17,19
CCG,Cheche Group Inc. - Class A Ordinary Shares,-21,-62,567,641,396
CCHH,CCH Holdings Ltd - Class A Ordinary Shares,-5,-29,-86,-84,-98
CCII,Cohen Circle Acquisition Corp. II - Class A Ordinary Shares,0,0,0,1,1
CCLD,"CareCloud, Inc. - Common Stock",-2,-9,-37,-30,-40
CCNE,CNB Financial Corporation - Common Stock,-1,-3,12,32,42
CCNEP,"CNB Financial Corporation - Depositary shares, each representing a 1/40th ownership interest in a share of 7.125% Series A Fixed- Rate Non-Cumulative Perpetual Preferred Stock",0,-1,3,4,4
CCOI,"Cogent Communications Holdings, Inc. - Common Stock",6,-22,-59,-62,-81
CCSI,"Consensus Cloud Solutions, Inc. - Common Stock",1,-1,42,61,25
CCTG,CCSC Technology International Holdings Limited - Class A Ordinary Shares,3,-33,14,-67,-97
CCXI,Churchill Capital Corp XI - Class A Ordinary Shares,-6,-16,14,13,13
CD,Chaince Digital Holdings Inc. - American Ordinary Shares,1,65,41,35,-80
CDIO,Cardio Diagnostics Holdings Inc. - Common stock,2,4,-4,-33,-58
CDLX,"Cardlytics, Inc. - Common Stock",-3,-19,-75,-74,-88
CDNA,"CareDx, Inc. - Common Stock",2,30,265,240,328
CDNL,Cardinal Infrastructure Group Inc. - Class A Common Stock,12,-13,-26,35,30
CDNS,"Cadence Design Systems, Inc. - Common Stock",2,8,18,6,-5
CDT,CDT Equity Inc. - Common Stock,-8,-93,-100,-100,-100
CDTG,CDT Environmental Technology Investment Holdings Limited - ordinary shares,0,36,-85,-85,-93
CDXS,"Codexis, Inc. - Common Stock",3,-2,-26,-14,-45
CDZI,"Cadiz, Inc. - Common Stock",9,-2,-23,-32,-19
CDZIP,"Cadiz, Inc. - Depositary Shares",1,1,18,23,25
CECO,CECO Environmental Corp. - Common Stock,-1,-6,15,16,39
CEG,Constellation Energy Corporation - Common Stock When-Issued,-4,-11,-7,-30,-29
CELC,Celcuity Inc. - Common Stock,3,-18,-30,-21,57
CELH,"Celsius Holdings, Inc. - Common Stock",-1,-13,-24,-43,-53
CELZ,"Creative Medical Technology Holdings, Inc. - Common Stock",-3,-12,-56,-53,-71
CENN,Cenntro Inc. - Common Stock,3,-6,-42,-55,-89
CENT,Central Garden & Pet Company - Common Stock,-1,-7,7,22,21
CENTA,Central Garden & Pet Company - Class A Common Stock Nonvoting,-1,-7,4,16,15
CENX,Century Aluminum Company - Common Stock,-1,-24,-44,-12,20
CEPF,"Cantor Equity Partners IV, Inc. - Class A Ordinary Shares",0,-1,1,0,0
CEPL,"Capstone Energy Plus, Inc. - Common Stock",1,-24,-62,-62,-62
CEPO,"Cantor Equity Partners I, Inc. - Class A Ordinary Shares",0,0,2,3,3
CEPS,"Cantor Equity Partners VI, Inc. - Class A Ordinary Shares",0,-1,2,1,1
CEPV,"Cantor Equity Partners V, Inc. - Class A Ordinary Shares",-1,-1,2,0,0
CETX,Cemtrex Inc. - Common Stock,2,-18,-74,-92,-96
CETY,"Clean Energy Technologies, Inc. - Common Stock",-4,-12,18,30,-65
CEVA,"CEVA, Inc. - Common Stock",2,34,80,58,26
CFBK,CF Bankshares Inc. - Common Stock,-1,-4,19,40,43
CFFI,C&F Financial Corporation - Common Stock,-1,4,37,41,48
CFFN,"Capitol Federal Financial, Inc. - Common Stock",-1,-6,15,28,38
CG,The Carlyle Group Inc. - Common Stock,0,-17,-14,-33,-36
CGABL,The Carlyle Group Inc. - 4.625% Subordinated Notes due 2061,3,-3,-8,-6,-9
CGBD,"Carlyle Secured Lending, Inc. - Closed End Fund",-1,-5,3,-6,-2
CGC,Canopy Growth Corporation - Common Shares,-3,-8,-12,-25,-35
CGCF,Cartesian Growth Corporation IV - Class A Ordinary Shares,0,0,-2,-2,-2
CGEM,"Cullinan Therapeutics, Inc. - Common Stock",1,-31,3,52,160
CGEN,Compugen Ltd. - Ordinary Shares,1,-7,9,54,46
CGNT,Cognyte Software Ltd. - Ordinary Shares,2,2,0,-2,3
CGNX,Cognex Corporation - Common Stock,2,0,23,65,32
CGO,Calamos Global Total Return Fund - Closed End Fund,-2,-3,14,16,12
CGON,"CG Oncology, Inc. - Common stock",1,-5,5,70,78
CGTL,Creative Global Technology Holdings Limited - Class A Ordinary Shares,-3,-11,-78,-79,-58
CGTX,"Cognition Therapeutics, Inc. - Common Stock",1,-9,15,-35,-38
CHA,"Chagee Holdings Limited - American Depositary Shares, each representing 1 Class A ordinary share",3,3,12,-5,-27
CHAD,DeFi Development Corp. - Variable Rate Series C Perpetual Preferred Stock,2,9,9,9,9
CHAI,"Core AI Holdings, Inc. - Common Shares",-2,-8,-75,-86,-98
CHCI,"Comstock Holding Companies, Inc. - Class A Common Stock",-3,-10,-2,58,33
CHCO,City Holding Company - Common Stock,-1,-4,15,18,17
CHDN,"Churchill Downs, Incorporated - Common Stock",-1,-16,-16,-32,-21
CHEC,Chenghe Acquisition III Co. - Class A Ordinary Shares,0,1,2,3,3
CHEF,"The Chefs' Warehouse, Inc. - Common Stock",1,-2,89,80,102
CHGA,Change Agents Corporation  - Common Stock,22,-1,-79,-90,-95
CHI,Calamos Convertible Opportunities and Income Fund - Closed End Fund,-1,-8,6,14,14
CHKP,Check Point Software Technologies Ltd. - Ordinary Shares,1,-7,-13,-29,-36
CHMG,Chemung Financial Corp  - Common Stock,-1,-4,50,51,57
CHPG,ChampionsGate Acquisition Corporation - Class A Ordinary Share,0,0,2,3,4
CHSCL,"CHS Inc - Class B Cumulative Redeemable Preferred Stock, Series 4",0,1,2,4,4
CHSCM,"CHS Inc - Class B Reset Rate Cumulative Redeemable Preferred Stock, Series 3",0,0,1,2,2
CHSCN,CHS Inc - Preferred Class B Series 2 Reset Rate,-2,-2,1,2,4
CHSCO,CHS Inc - Class B Cumulative Redeemable Preferred Stock,0,2,2,5,3
CHSCP,CHS Inc - 8%  Cumulative Redeemable Preferred Stock,0,0,-1,-1,-5
CHSN,Chanson International Holding - Class A Ordinary Shares,-2,6,-100,-99,-100
CHY,Calamos Convertible and High Income Fund - Closed End Fund,-1,-8,8,9,13
CHYM,"Chime Financial, Inc. - Class A Common Stock",0,-21,38,1,28
CIGI,Colliers International Group Inc.  - Subordinate Voting Shares,0,-11,-17,-38,-42
CIGL,Concorde International Group Ltd - Class A Ordinary Shares,-3,-5,-40,-40,-40
CIIT,"Tianci International, Inc. - Common Stock",-2,-8,-85,-89,-94
CINF,Cincinnati Financial Corporation - Common Stock,-1,-8,1,0,0
CING,Cingulate Inc. - Common Stock,1,-5,-20,13,18
CISO,"CISO Global, Inc. - Common Stock",1,-11,-40,-57,-81
CISS,C3is Inc. - Common Stock,-7,-36,-100,-100,-100
CIVB,"Civista Bancshares, Inc.  - Common Stock",-1,-4,15,23,33
CJMB,Callan JMB Inc. - Common Stock,0,15,85,117,-50
CLBK,"Columbia Financial, Inc. - Common Stock",2,-5,38,59,64
CLBT,Cellebrite DI Ltd. - Ordinary Shares,3,-6,-20,-37,-40
CLDX,"Celldex Therapeutics, Inc. - Common Stock",2,-18,3,20,23
CLFD,"Clearfield, Inc. - Common Stock",2,10,16,6,-13
CLGN,CollPlant Biotechnologies Ltd. - Ordinary Shares,0,11,-14,-74,-84
CLIK,Click Holdings Limited - Ordinary Share,-3,-20,-28,-79,-88
CLLS,Cellectis S.A. - American Depositary Shares,3,-55,-56,-69,-57
CLMB,"Climb Global Solutions, Inc. - Common Stock",-2,14,55,28,-8
CLMT,"Calumet, Inc - Common Stock",-2,-2,47,168,182
CLNE,Clean Energy Fuels Corp. - Common Stock,-1,-4,-37,-28,-43
CLNN,Clene Inc. - Common Stock,0,2,-29,-29,-61
CLOV,"Clover Health Investments, Corp.  - Class A Common stock",0,1,130,79,66
CLPS,CLPS Incorporation - Common Stock,1,-4,16,1,2
CLPT,ClearPoint Neuro Inc. - Common Stock,4,-13,30,-13,-55
CLSK,"CleanSpark, Inc. - Common Stock",-3,2,42,12,-19
CLST,"Catalyst Bancorp, Inc. - common stock",-1,1,5,12,32
CLYM,"Climb Bio, Inc. - Common Stock",0,-21,70,206,479
CMCO,Columbus McKinnon Corporation - Common Stock,-2,-13,14,-6,8
CMCSA,Comcast Corporation - Class A Common Stock,1,-18,-20,-18,-22
CMCT,Creative Media  - Common Stock,53,-19,-41,-99,-100
CME,CME Group Inc. - Class A Common Stock,0,-7,-14,0,3
CMMB,Chemomab Therapeutics Ltd.  - American Depositary Shares,-26,-58,-28,-34,-56
CMND,Clearmind Medicine Inc. - Common Shares,-1,-53,-93,-96,-100
CMPS,COMPASS Pathways Plc - American Depository Shares,-4,-6,116,90,93
CMPX,"Compass Therapeutics, Inc. - Common Stock",-5,-56,-81,-80,-72
CMTL,Comtech Telecommunications Corp. - Common Stock,-1,-10,-64,-75,-48
CMTV,Community Bancorp.  - Common stock,0,0,28,71,91
CNCK,Coincheck Group N.V. - Ordinary Shares,3,-30,1,-45,-69
CNDT,Conduent Incorporated - Common Stock,-1,-17,8,-18,-43
CNET,ZW Data Action Technologies Inc. - Common Stock,-15,30,135,38,-32
CNEY,CN Energy Group Inc. - Class A Ordinary Shares,3,9,51,-8,-75
CNL,Collective Mining Ltd. - Common Stock,-2,-27,-34,-12,-8
CNOB,"ConnectOne Bancorp, Inc. - Common Stock",-1,-6,11,17,21
CNOBP,"ConnectOne Bancorp, Inc. - Depositary Shares (each representing a 1/40th interest in a share of 5.25% Fixed-Rate Reset Non-Cumulative Perpetual Preferred Stock, Series A, par value $0.00 per share)",0,-1,5,7,12
CNSP,"CNS Pharmaceuticals, Inc. - Common Stock",8,-10,128,0,-41
CNSY,"Cerenome, Inc. - Common Stock",1,-37,-44,-87,-90
CNTB,Connect Biopharma Holdings Limited - Ordinary Shares,11,-43,-62,-56,-26
CNTN,"Canton Strategic Holdings, Inc. - Common Stock",0,6,-27,-30,-18
CNTX,Context Therapeutics Inc. - Common Stock,-6,-17,-89,-81,-73
CNTY,"Century Casinos, Inc. - Common Stock",-2,-17,-28,-24,-61
CNVS,Cineverse Corp. - Class A Common Stock,1,-13,-17,-5,-41
CNXC,Concentrix Corporation - Common Stock,0,-24,-6,-37,-46
CNXN,"PC Connection, Inc. - Common Stock",1,8,51,60,49
COAG,"Hemab Therapeutics Holdings, Inc. - Common Stock",-5,-30,-9,-9,-9
COCH,"Envoy Medical, Inc. - Class A Common Stock",-4,-7,-3,-2,-16
COCO,"The Vita Coco Company, Inc. - Common Stock",1,4,16,7,35
COCP,"Cocrystal Pharma, Inc. - Common Stock",3,2,-23,16,-5
CODA,"Coda Octopus Group, Inc. - Common stock",-2,7,-9,13,23
CODX,"Co-Diagnostics, Inc. - Common Stock",0,-8,-30,-81,-91
COFS,"ChoiceOne Financial Services, Inc. - Common Stock",-1,-4,15,15,18
COGT,"Cogent Biosciences, Inc. - Common Stock",1,-8,-10,-8,103
COIN,"Coinbase Global, Inc. - Class A Common Stock",-2,-3,7,-21,-51
COKE,"Coca-Cola Consolidated, Inc. - Common Stock",-1,-4,-4,27,58
COLA,Columbus Acquisition Corp - Ordinary Shares,-30,-31,-31,-30,-29
COLB,"Columbia Banking System, Inc. - Common Stock",0,-6,5,5,14
COLL,"Collegium Pharmaceutical, Inc. - Common Stock",-2,-8,-33,-52,-37
COLM,Columbia Sportswear Company - Common Stock,-2,-1,4,4,10
COO,"The Cooper Companies, Inc.  - Common Stock",0,-20,-20,-30,-20
COOT,Australian Oilseeds Holdings Limited - Ordinary Shares,-7,-19,-24,-18,-23
COSM,Cosmos Health Inc. - Common Stock,2,62,39,-17,-60
COST,Costco Wholesale Corporation - Common Stock,-2,-2,-10,7,0
COYA,"Coya Therapeutics, Inc. - Common Stock",0,10,24,-11,-18
CPB,The Campbell's Company - Common Stock,-2,-10,-8,-25,-35
CPBI,"Central Plains Bancshares, Inc. - Common Stock",0,-7,14,18,23
CPHC,Canterbury Park Holding Corporation - Common Stock,0,-1,2,3,-2
CPIX,Cumberland Pharmaceuticals Inc. - Common Stock,2,16,226,154,223
CPOP,"Pop Culture Group Co., Ltd - Class A Ordinary Shares",-23,958,11,-24,-61
CPSH,CPS Technologies Corp. - Common Stock,1,-3,-20,17,10
CPSS,"Consumer Portfolio Services, Inc. - Common Stock",1,4,18,0,19
CPZ,Calamos Long/Short Equity & Dynamic Income Trust - Closed End Fund,-1,-4,-2,-8,-12
CSAI,"Cloudastructure, Inc. - Class A Common Stock",-2,-44,-84,-90,-94
CSCO,"Cisco Systems, Inc. - Common Stock",1,-1,34,43,61
CSGP,"CoStar Group, Inc. - Common Stock",2,-14,-33,-58,-68
CSIQ,Canadian Solar Inc. - Common Shares,0,-15,-10,-55,-24
CSPI,CSP Inc. - Common Stock,0,-5,-8,-35,-35
CSQ,Calamos Strategic Total Return Fund - Closed End Fund,0,-3,20,12,14
CSTE,Caesarstone Ltd. - Ordinary Shares,-1,-6,145,66,81
CSTL,"Castle Biosciences, Inc. - Common stock",2,9,44,-8,56
CSX,CSX Corporation - Common Stock,-1,-5,13,29,31
CTAA,ClearThink 1 Acquisition Corp. - Class A Ordinary Shares,0,0,1,1,1
CTAS,Cintas Corporation - Common Stock,-1,-3,14,6,-3
CTBI,"Community Trust Bancorp, Inc. - Common Stock",0,-3,21,35,39
CTKB,"Cytek Biosciences, Inc. - Common Stock",3,27,32,21,50
CTMX,"CytomX Therapeutics, Inc. - Common Stock",-1,-26,-38,-36,-18
CTNM,"Contineum Therapeutics, Inc. - Common stock",17,-24,0,18,18
CTNT,Cheetah Net Supply Chain Service Inc. - Class A Common Stock,-10,-99,-100,-100,-100
CTSH,Cognizant Technology Solutions Corporation - Class A Common Stock,1,-11,-7,-28,-13
CTSO,Cytosorbents Corporation - Common Stock,-2,-44,-67,-70,-80
CV,"CapsoVision, Inc. - Common Stock",-3,8,-4,-37,35
CVBF,CVB Financial Corporation - Common Stock,-1,-3,11,19,18
CVCO,"Cavco Industries, Inc. - Common Stock",1,0,16,-5,-2
CVGI,"Commercial Vehicle Group, Inc. - Common Stock",-1,-5,-31,94,61
CVKD,"Cadrenal Therapeutics, Inc. - Common Stock",-1,-16,-77,-85,-92
CVLT,"Commvault Systems, Inc. - Common Stock",2,9,90,21,-17
CVV,CVD Equipment Corporation - Common Stock,1,-35,5,30,25
CXAI,CXApp Inc. - Class A Common Stock,0,-26,-72,-85,-94
CXDO,"Crexendo, Inc. - Common Stock",0,-1,-7,-11,-7
CXII,Churchill Capital Corp XII - Class A Ordinary Shares,0,0,7,7,7
CYAB,"Cyabra, Inc. - Common Stock",0,-50,-88,-94,-94
CYN,Cyngn Inc. - Common stock,5,-23,-54,-73,-88
CYPH,Cypherpunk Technologies Inc. - Common Stock,3,47,332,195,524
CYTK,"Cytokinetics, Incorporated - Common Stock",0,-11,1,7,16
CZFS,"Citizens Financial Services, Inc. - Common Stock",-2,-5,25,44,42
CZNC,Citizens & Northern Corp - Common Stock,-1,-3,13,30,35
DAAQ,Digital Asset Acquisition Corp. - Class A Ordinary shares,0,0,2,3,2
DAIC,"CID HoldCo, Inc. - Common Stock",-5,-20,-42,-79,-96
DAIO,Data I/O Corporation - Common Stock,-1,3,35,-11,-13
DAKT,"Daktronics, Inc. - Common Stock",0,-11,-10,-12,-13
DASH,"DoorDash, Inc. - Common Stock",-2,-17,18,-16,-32
DAVE,Dave Inc.  - Class A Common Stock,-2,-18,85,46,58
DBCA,D. Boral Acquisition I Corp. - Class A Ordinary Shares,0,0,2,2,2
DBGI,"Digital Brands Group, Inc. - Common Stock",5,32,-93,-99,-99
DBVT,DBV Technologies S.A. - American Depositary Shares,2,-14,-42,-38,-9
DBX,"Dropbox, Inc. - Class A Common Stock",4,-5,43,26,15
DCBO,Docebo Inc. - Common Shares,1,-10,33,3,-16
DCGO,DocGo Inc. - Common Stock,9,-1,-30,-55,-69
DCOY,Decoy Therapeutics Inc. - Common Stock,-8,-32,-67,-75,-96
DCTH,"Delcath Systems, Inc. - Common Stock",1,-3,65,61,44
DCX,Digital Currency X Technology Inc. - Class A Ordinary Shares,1,-96,-99,-99,-100
DDI,"DoubleDown Interactive Co., Ltd. - American Depository Shares",2,2,49,52,45
DDOG,"Datadog, Inc. - Class A Common Stock",2,28,135,105,80
DEFT,"Defi Technologies, Inc. - Common Stock",1,-27,-36,-44,-78
DETX,"Liberty Defense Holdings, Ltd. - Common Shares",-2,-19,-63,-63,-63
DFDV,DeFi Development Corp. - Common Stock,-4,-12,48,1,-66
DFLI,Dragonfly Energy Holdings Corp - Common Stock,-1,-17,-58,-78,-95
DFNS,T3 Defense Inc. - Common Stock,-5,-37,-93,-99,-99
DFSC,"DEFSEC Technologies Inc. - common stock, no R/S concurrent with offering",4,-29,-48,-42,-70
DFTX,"Definium Therapeutics, Inc.  - Common Shares",0,0,86,179,203
DGICA,"Donegal Group, Inc. - Class A Common Stock",-2,-8,5,-6,-4
DGICB,"Donegal Group, Inc. - Class B Common Stock",12,-29,0,2,7
DGII,Digi International Inc. - Common Stock,0,8,51,77,109
DGNX,Diginex Limited - Ordinary Shares,-3,-15,-70,-97,-99
DGXX,Digi Power X Inc. - Common Subordinate Voting Shares,-4,10,88,47,55
DH,Definitive Healthcare Corp. - Class A Common Stock,-3,-13,-18,-62,-74
DHC,Diversified Healthcare Trust  - Common Shares of Beneficial Interest,-1,2,13,58,80
DHCNI,Diversified Healthcare Trust  - 5.625% Senior Notes due 2042,-2,-11,2,5,6
DHCNL,Diversified Healthcare Trust  - 6.25% Senior Notes Due 2046,,0,0,0,0
DIBS,"1stdibs.com, Inc. - Common Stock",-1,-18,-28,-32,53
DIOD,Diodes Incorporated - Common Stock,0,8,31,88,84
DJCO,Daily Journal Corp. (S.C.) - Common Stock,-2,4,25,29,57
DJT,Trump Media & Technology Group Corp. - Common Stock,0,-5,-3,-34,-48
DKI,DarkIris Inc. - Class A Ordinary Shares,-38,-47,362,350,47
DKNG,DraftKings Inc. - Class A Common Stock,-3,-21,-17,-47,-46
DLHC,DLH Holdings Corp. - Common Stock,5,-10,-34,-34,-33
DLO,DLocal Limited - Class A Common Shares,1,-13,10,-1,0
DLPN,"Dolphin Entertainment, Inc. - Common Stock",-3,-9,-31,-32,-27
DLTH,Duluth Holdings Inc. - Class B Common Stock,-1,-13,22,88,-3
DLXY,Delixy Holdings Limited - Class A Ordinary Shares,-5,396,288,142,145
DMAA,Drugs Made In America Acquisition Corp. - Ordinary Shares,0,1,4,5,6
DMAC,DiaMedica Therapeutics Inc. - Common Stock,1,26,25,4,17
DMII,Drugs Made In America Acquisition II Corp. - Ordinary Shares,0,0,2,3,3
DMLP,"Dorchester Minerals, L.P. - Common Units Representing Limited Partnership Interests",-2,-4,7,33,25
DNLI,Denali Therapeutics Inc. - Common Stock,-1,-9,7,27,34
DNMX,Dynamix Corporation III - Class A Ordinary Shares,0,0,2,2,1
DNTH,"Dianthus Therapeutics, Inc. - Common Stock",1,-18,3,122,152
DOGZ,Dogness (International) Corporation - Class A Common Stock,0,-12,-37,-92,-93
DOMH,Dominari Holdings Inc. - Common Stock,-9,3,-16,-48,-64
DOO,BRP Inc. - Common Subordinate Voting Shares,-2,-12,-23,-21,-17
DOX,Amdocs Limited - Ordinary Shares,0,-9,-12,-27,-28
DPZ,Domino's Pizza Inc - Common Stock,-1,-13,-20,-28,-28
DSAC,Daedalus Special Acquisition Corp. - Class A Ordinary Shares,0,0,2,1,1
DSC,DSC Holdings Ltd. - American Depositary Shares,22,-18,-29,-29,-29
DSGN,"Design Therapeutics, Inc. - Common Stock",0,-16,0,38,106
DSGX,The Descartes Systems Group Inc. - Common Stock,2,0,14,-5,-14
DSP,Viant Technology Inc. - common stock,1,-8,9,6,42
DSY,Big Tree Cloud Holdings Limited - Class A Ordinary Shares,2,-6,52,-38,-83
DTCX,"Datacentrex, Inc. - Common Stock",1,-15,-20,-33,-65
DTI,Drilling Tools International Corporation  - Common Stock,1,-12,-48,-10,3
DTIL,"Precision BioSciences, Inc. - Common Stock",1,-15,4,53,15
DTSQ,DT Cloud Star Acquisition Corporation - Ordinary Shares,1,2,4,7,11
DTSS,Datasea Intelligent Technology Ltd. - Class A Ordinary Shares,-5,21,-8,19,-59
DTST,Data Storage Corporation - Common Stock,5,16,-11,-33,-21
DVLT,Datavault AI Inc. - Common Stock,7,-41,-78,-84,-88
DXCM,"DexCom, Inc. - Common Stock",0,-4,37,30,29
DXLG,"Destination XL Group, Inc. - Common Stock",-4,-30,-19,-51,-64
DXPE,"DXP Enterprises, Inc. - Common Stock",-1,0,27,68,43
DXST,Decent Holding Inc. - Class A Ordinary Shares,-18,-3,-11,-93,-93
DYAI,"Dyadic International, Inc. - Common Stock",-6,-12,-49,-53,-62
DYN,"Dyne Therapeutics, Inc. - Common Stock",-1,-35,-12,-13,23
DYNC,Dynamix Corporation - Class A Ordinary Share,0,0,4,6,3
EBAY,eBay Inc. - Common Stock,1,0,9,23,17
EBC,"Eastern Bankshares, Inc. - Common Stock",0,-5,6,15,18
EBMT,"Eagle Bancorp Montana, Inc. - Common Stock",-1,-8,0,10,28
EBON,Ebang International Holdings Inc. - Class A Ordinary Shares,-4,-11,7,-38,-62
ECBK,"ECB Bancorp, Inc. - Common Stock",-1,-6,20,17,28
ECHO,EchoStar Corporation - Common stock,-1,0,-30,-20,16
ECPG,Encore Capital Group Inc - Common Stock,-1,-3,30,69,129
ECX,ECARX Holdings Inc. - Class A Ordinary shares,-1,-1,-1,-36,-54
EDBL,Edible Garden AG Incorporated - Common Stock,-2,-20,-98,-100,-100
EDHL,Everbright Digital Holding Limited - Ordinary Shares,-4,25,50,-20,-43
EDIT,"Editas Medicine, Inc. - Common Stock",-1,-17,-6,25,-34
EDSA,"Edesa Biotech, Inc. - Common Shares",18,-12,-28,181,64
EDTK,Skillful Craftsman Education Technology Limited - Ordinary Share,-2,17,0,14,-7
EEFT,"Euronet Worldwide, Inc. - Common Stock",-1,-14,-5,-15,-29
EEIQ,EpicQuest Education Group International Limited - Common Stock,-9,73,-38,22,-32
EFOI,"Energy Focus, Inc. - Common Stock",0,-5,31,22,4
EFSC,Enterprise Financial Services Corporation - Common Stock,-1,-8,7,11,5
EFSCP,"Enterprise Financial Services Corporation - Depositary Shares Each Representing a 1/40th Interest in a Share of 5% Fixed Rate Non-Cumulative Perpetual Preferred Stock, Series A",1,-9,-11,-11,-13
EFSI,Eagle Financial Services Inc - Common Stock,0,9,27,18,26
EFTY,"Etoiles Capital Group Co., Ltd. - Class A Ordinary Shares",0,0,0,0,0
EGAN,eGain Corporation - Common Stock,3,-18,-25,-44,-41
EGBN,"Eagle Bancorp, Inc. - Common Stock",-1,0,8,33,33
EGHA,EGH Acquisition Corp. - Class A ordinary shares,0,0,2,3,3
EGHT,8x8 Inc - Common stock,4,17,27,19,9
EH,EHang Holdings Limited - ADS,-3,-7,-61,-71,-78
EHGO,Eshallgo Inc. - Class A Ordinary Shares,1,-37,-80,-80,-93
EHLD,Euroholdings Ltd. - Common Stock,5,3,59,80,79
EHTH,"eHealth, Inc. - Common Stock",-1,-25,-47,-83,-84
EIKN,"Eikon Therapeutics, Inc. - Common Stock",2,-27,-15,-46,-46
EJH,E-Home Household Service Holdings Limited - Ordinary shares,-8,20,-28,-93,-95
ELAB,PMGC Holdings Inc. - Common Stock,-4,-32,-91,-99,-100
ELBM,Electra Battery Materials Corporation - Common Stock,-2,-12,-20,-44,-58
ELDN,"Eledon Pharmaceuticals, Inc. - Common Stock",1,-14,-18,56,-11
ELE,Elemental Royalty Corporation - Common Stock,-3,-12,2,22,11
ELMT,The Elmet Group Co. - Common Stock,4,22,11,11,11
ELOG,Eastern International Ltd. - Ordinary Shares,1,-25,-43,-56,-78
ELOX,"Eloxx Pharmaceuticals, Inc. - Common Stock",-1,8,39,39,39
ELTK,Eltek Ltd. - Ordinary Shares,-3,1,-5,-8,-29
ELTX,"Elicio Therapeutics, Inc. - Common Stock",-1,-27,-83,-77,-84
ELVA,Electrovaya Inc. - Common Shares,3,-3,-19,-18,6
ELVN,"Enliven Therapeutics, Inc.  - Common Stock",-1,-23,18,195,134
EMAT,Evolution Metals & Technologies Corp. - Common Stock,-12,-22,-68,-87,-87
EMBC,Embecta Corp. - Common Stock,-2,-1,-36,-51,-59
EMIS,Emmis Acquisition Corp. - Class A Ordinary Share,0,0,2,3,3
EML,Eastern Company (The) - Common Stock,1,-13,16,23,7
EMPD,Empery Digital Inc. - Common stock,-5,-12,-32,-35,-61
ENGN,enGene Therapeutics Inc. - Common Stock,3,9,-72,-77,-74
ENGS,Energys Group Limited - Ordinary Shares,2,13,149,260,-55
ENLT,Enlight Renewable Energy Ltd. - Ordinary Shares,-1,-10,1,46,122
ENLV,Enlivex Ltd. - Ordinary Shares,5,-57,-96,-96,-97
ENPH,"Enphase Energy, Inc. - Common Stock",4,-9,-2,-2,-10
ENSC,"Ensysce Biosciences, Inc. - Common Stock",0,-5,-26,-56,-84
ENSG,"The Ensign Group, Inc. - Common Stock",-2,0,-13,-1,-2
ENTA,"Enanta Pharmaceuticals, Inc. - Common Stock",4,-6,-1,-9,28
ENTG,"Entegris, Inc. - Common Stock",0,18,33,72,57
ENTX,Entera Bio Ltd. - Ordinary Shares,8,-1,145,64,53
ENVB,"Enveric Biosciences, Inc.  - Common Stock",2,3,-25,-60,-82
ENVX,Enovix Corporation - Common Stock,5,-14,-50,-63,-76
EOCN,Eocene Ltd. - Ordinary Shares,-2,-11,-16,-47,-72
EOLS,"Evolus, Inc. - Common Stock",0,-12,92,19,23
EOSE,"Eos Energy Enterprises, Inc. - Common Stock",-1,-12,-37,-76,-76
EPSM,Epsium Enterprise Limited - Class A Ordinary Shares,5,-10,-4,-38,-95
EPSN,Epsilon Energy Ltd. - Common Shares,0,-6,-7,30,18
EQ,"Equillium, Inc. - Common Stock",1,-27,-19,7,23
EQIX,"Equinix, Inc. - Common Stock",0,-3,1,34,33
EQPT,EquipmentShare.com Inc - Class A Common Stock,-6,-4,-11,-47,-47
ESCA,"Escalade, Incorporated - Common Stock",-2,-6,11,43,55
ESEA,Euroseas Ltd. - Common Stock,1,-6,8,36,29
ESLA,"Estrella Immunopharma, Inc. - Common Stock",2,-27,-66,-66,-64
ESLT,Elbit Systems Ltd. - Ordinary Shares,-3,-3,-26,15,33
ESOA,Energy Services of America Corporation - Common Stock,1,-1,-14,39,13
ESQ,"Esquire Financial Holdings, Inc. - Common Stock",-1,-4,7,15,16
ESTA,Establishment Labs Holdings Inc. - Common Shares,1,-11,6,-7,55
ESYN,EnerSyn Global Inc. - Common Stock,-2,20,119,47,-19
ETON,"Eton Pharmaceuticals, Inc. - Common Stock",-13,-14,106,217,158
ETS,Elite Express Holding Inc. - Class A Common Stock,5,115,169,252,105
EVAX,Evaxion A/S - American Depositary Share,0,6,-12,-30,-40
EVCM,EverCommerce Inc. - Common Stock,8,9,-28,-25,-21
EVGN,Evogene Ltd. - Ordinary Shares,-2,-27,-49,-65,-65
EVGO,EVgo Inc. - Common Stock,-5,-13,-32,-59,-75
EVLV,"Evolv Technologies Holdings, Inc. - Class A Common Stock",-1,-6,-24,-31,-38
EVO,Evotec SE - American Depositary Shares each representing 1/2 of one ordinary share,4,-10,-35,-46,-57
EVOX,Evolution Global Acquisition Corp - Class A Ordinary Shares,0,0,2,3,2
EXC,Exelon Corporation - Common Stock,-1,-8,-16,-5,-8
EXE,Expand Energy Corporation - Common Stock,0,-15,-18,-22,-20
EXEL,"Exelixis, Inc. - Common Stock",0,-1,33,34,46
EXFY,"Expensify, Inc. - Class A Common Stock",0,-7,165,55,25
EXLS,"ExlService Holdings, Inc. - Common Stock",-1,-8,11,-17,-20
EXOZ,eXoZymes Inc. - Common Stock,-4,-14,-42,-47,-56
EXPE,"Expedia Group, Inc. - Common Stock",-1,-13,15,-6,21
EXPO,"Exponent, Inc. - Common Stock",1,-6,-1,-5,-1
EXYN,"Exyn Technologies, Inc. - Common Stock",3,-17,-55,-55,-55
EYE,"National Vision Holdings, Inc. - Common Stock",0,-3,-34,-37,-43
EYPT,"EyePoint, Inc. - Common Stock",-4,-28,-75,-81,-76
EZGO,EZGO Technologies Ltd. - Ordinary Shares,-1,0,-100,-100,-100
FA,First Advantage Corporation - Common Stock,1,-15,59,25,13
FABC,"Fabric.AI, Inc. - Common Stock",0,-11,5,-13,-59
FAC,Factorial Energy Inc. - Class A Common Stock,2,21,-38,-39,-37
FACT,FACT II Acquisition Corp. - Class A Ordinary Shares,0,0,2,3,4
FAMI,"Farmmi, Inc. - Class A Ordinary Shares",8,17,-89,-89,-93
FANG,"Diamondback Energy, Inc. - Common Stock",0,-9,-4,23,28
FAST,Fastenal Company - Common Stock,-1,1,9,24,6
FATE,"Fate Therapeutics, Inc. - Common Stock",0,-2,99,139,96
FATN,"FatPipe, Inc. - common stock",1,-9,162,154,-23
FBDT,First Breach Inc. - Common Stock,18,33,-75,-75,-75
FBGL,FBS Global Limited - Ordinary Shares,4,-5,-35,-58,-52
FBIO,"Fortress Biotech, Inc. - Common Stock",-3,-21,-15,-47,-22
FBIOP,"Fortress Biotech, Inc. - 9.375% Series A Cumulative Redeemable Perpetual Preferred Stock",-1,-11,21,63,124
FBIZ,"First Business Financial Services, Inc. - Common Stock",0,-5,24,31,40
FBLA,"FB Bancorp, Inc. - Common Stock",-1,4,19,28,37
FBLG,"FibroBiologics, Inc. - Common Stock",-1,-26,-5,-73,-88
FBNC,First Bancorp - Common Stock,-2,-5,9,21,19
FBYD,"Falcon's Beyond Global, Inc. - Class A Common Stock",1,6,-31,-41,-28
FBYDP,"Falcon's Beyond Global, Inc. - 11% Series B Cumulative Convertible Preferred Stock",,,,,
FCAP,"First Capital, Inc. - Common Stock",0,-4,24,7,35
FCBC,"First Community Bankshares, Inc. - Common Stock",-1,-4,13,50,46
FCCO,First Community Corporation - Common Stock,0,-5,9,13,20
FCEL,"FuelCell Energy, Inc. - Common Stock",-3,12,146,101,61
FCFS,"FirstCash Holdings, Inc. - Common Stock",-1,-6,11,36,40
FCHL,Fitness Champs Holdings Limited - Ordinary Shares,2,-11,-98,-99,-100
FCNCA,"First Citizens BancShares, Inc. - Class A Common Stock",-1,-7,7,-4,17
FCNCN,"First Citizens BancShares, Inc. - Depositary Shares, each representing a 1/40th interest in a share of 6.625% Non-Cumulative Perpetual Preferred Stock, Series E",3,-5,-1,-1,-1
FCNCO,"First Citizens BancShares, Inc. - 5.625% Non-Cumulative Perpetual Preferred Stock, Series C",-1,-8,-9,-8,-10
FCNCP,"First Citizens BancShares, Inc. - Depositary Shares Each Representing a 1/40th Interest in a Share of 5.375% Non-Cumulative Perpetual Preferred Stock, Series A",-2,-10,-13,-8,-14
FDBC,"Fidelity D & D Bancorp, Inc. - Common Stock",-1,-1,26,29,29
FDMM,Freedom Metals Acquisition Corp. - Class A Ordinary Shares,0,0,0,0,0
FDMT,"4D Molecular Therapeutics, Inc. - Common Stock",-1,-3,44,95,67
FDSB,"Fifth District Bancorp, Inc. - Common Stock",0,-6,17,15,26
FEAM,"5E Advanced Materials, Inc. - Common Stock",10,113,125,-2,-18
FEBO,Fenbo Holdings Limited - Class A Ordinary Shares,0,-8,-42,-45,-11
FEIM,"Frequency Electronics, Inc. - Common Stock",0,41,56,67,142
FELE,"Franklin Electric Co., Inc. - Common Stock",-1,-3,2,0,1
FEMY,Femasys Inc. - Common Stock,3,-29,-75,-83,-83
FENC,Fennec Pharmaceuticals Inc. - Common Stock,-1,-15,66,39,8
FFAI,Faraday Future Intelligent Electric Inc. - Class A Common Stock,-7,-31,-96,-99,-99
FFBC,First Financial Bancorp. - Common Stock,0,-5,11,28,24
FFIN,"First Financial Bankshares, Inc. - Common Stock",0,-4,6,8,-3
FFIV,"F5, Inc. - Common Stock",2,14,45,73,37
FGBI,"First Guaranty Bancshares, Inc. - Common Stock",-4,-4,-16,51,-8
FGBIP,"First Guaranty Bancshares, Inc. - 6.75% Series A Fixed-Rate Non-Cumulative Perpetual Preferred Stock",0,-7,4,17,-2
FGC,FG Communities Holdings Inc. - Common Stock,1,-20,44,-59,-77
FGCPP,FG Communities Holdings Inc. - 8.00% Cumulative Series A Preferred Stock,-3,1,1,19,39
FGI,FGI Industries Ltd. - Ordinary Shares,1,15,106,38,35
FGII,FG Imperii Acquisition Corp. - Class A Ordinary Shares,0,0,1,1,1
FGL,Founder Group Limited - Class A Ordinary Shares,3,-68,-98,-100,-100
FHB,"First Hawaiian, Inc. - Common Stock",-1,-5,-2,-1,4
FHTX,Foghorn Therapeutics Inc. - Common Stock,1,-27,-27,-31,-23
FIBK,"First Interstate BancSystem, Inc. - Common Stock",-1,-5,8,5,18
FIEE,"FiEE, Inc - Common Stock",3,-11,-50,5,32
FIGX,FIGX Capital Acquisition Corp. - Class A ordinary share,0,0,2,3,3
FIP,FTAI Infrastructure Inc. - Common Stock,-2,-18,-45,-42,-44
FISI,"Financial Institutions, Inc. - Common Stock",-1,-5,21,30,49
FISN,"Deep Fission, Inc. - Common Stock",-2,-28,-65,-65,-65
FISV,"Fiserv, Inc. - Common Stock",0,-14,-20,-31,-65
FIVE,"Five Below, Inc. - Common Stock",-1,-8,-6,14,41
FIVN,"Five9, Inc. - Common Stock",0,0,124,81,49
FIZZ,National Beverage Corp. - Common Stock,-1,-10,-5,2,-14
FJDI,ARC Group Securities Acquisition I - Class A Ordinary Shares,0,0,0,0,0
FLD,"Fold Holdings, Inc. - Class A Common Stock",-1,9,-57,-81,-87
FLEX,Flex Ltd. - Ordinary Shares,-3,2,62,73,96
FLGT,"Fulgent Genetics, Inc. - Common Stock",0,12,34,-14,-3
FLL,"Full House Resorts, Inc. - Common Stock",-6,-31,-45,-43,-53
FLNA,"Filana Therapeutics, Inc. - Common Stock",-3,7,-47,-57,-75
FLNC,"Fluence Energy, Inc. - Class A Common Stock",-2,-25,-42,-67,-44
FLNT,"Fluent, Inc. - Common Stock",-2,3,-3,24,38
FLX,BingEx Limited - American Depositary Shares,-9,-24,-41,-55,-56
FLXS,"Flexsteel Industries, Inc. - Common Stock",-2,6,83,114,90
FLY,Firefly Aerospace Inc. - Common Stock,1,10,-34,-3,-15
FLYE,"Fly-E Group, Inc. - Common Stock",-3,-38,-36,-83,-90
FMAC,Future Money Acquisition Corporation - Ordinary Shares,0,0,1,1,1
FMAO,"Farmers & Merchants Bancorp, Inc. - Common Stock",0,-2,36,45,42
FMBH,"First Mid Bancshares, Inc. - Common Stock",0,-5,17,28,33
FMFC,Kandal M Venture Limited - Class A ordinary Shares,0,-13,-52,-41,-99
FMNB,Farmers National Banc Corp. - Common Stock,-1,-4,14,17,10
FMST,Foremost Clean Energy Ltd. - Common Shares,-3,-36,-63,-72,-78
FNKO,"Funko, Inc. - Class A Common Stock",2,-5,59,61,65
FNLC,"First Bancorp, Inc (ME) - Common Stock",1,-4,20,32,37
FOCL,"EDAP TMS S.A. - American Depositary Shares, each representing One Ordinary Share",-2,7,29,31,93
FOFO,"Hang Feng Technology Innovation Co., Ltd. - Ordinary Shares",-1,-4,-63,-76,-87
FOSL,"Fossil Group, Inc. - Common Stock",7,28,35,72,154
FOX,Fox Corporation - Class B Common Stock,1,-7,6,-14,2
FOXA,Fox Corporation - Class A Common Stock,0,-7,6,-14,2
FOXF,Fox Factory Holding Corp. - Common Stock,-2,-12,14,5,-28
FOXX,Foxx Development Holdings Inc. - Common Stock,-1,-7,-55,-41,-44
FSBC,Five Star Bancorp - Common Stock,0,-9,11,21,35
FSEA,"First Seacoast Bancorp, Inc. - Common Stock",0,0,36,33,50
FSHP,Flag Ship Acquisition Corp. - Ordinary Shares,0,-2,3,5,6
FSLY,"Fastly, Inc. - Class A Common Stock",1,22,-19,152,191
FSV,FirstService Corporation - Common Shares,-1,-10,-9,-15,-32
FTAI,FTAI Aviation Ltd. - Common Stock,-1,-16,-32,-20,-1
FTAIM,FTAI Aviation Ltd. - 9.500% Fixed-Rate Reset Series D Cumulative Perpetual Redeemable Preferred Shares,0,0,4,7,12
FTCI,"FTC Solar, Inc. - Common Stock",0,-15,-43,-82,-71
FTEK,"Fuel Tech, Inc. - Common Stock",-1,13,32,-5,-46
FTFT,Future FinTech Group Inc. - Common Stock,-10,106,-82,-93,-98
FTH,"Faeth Therapeutics, Inc.  - Common Stock",6,-24,-11,208,211
FTHA,Forefront Tech Holdings Acquisition Corp - Class A Ordinary Shares,0,0,1,1,1
FTHM,Fathom Holdings Inc. - Common Stock,-13,-36,-37,-53,-76
FTLF,"FitLife Brands, Inc. - Common Stock",2,-5,-8,-41,-54
FTNT,"Fortinet, Inc. - Common Stock",2,14,117,130,108
FVAV,Fortress Value Acquisition Corp. V - Class A Ordinary Shares,0,-1,2,2,2
FVCB,"FVCBankcorp, Inc. - Common Stock",1,-5,16,28,41
FVN,Future Vision II Acquisition Corporation - Ordinary Shares,-1,-8,-14,-12,-11
FXAC,FortuneX Acquisition Corporation - Ordinary shares,0,0,1,1,1
FXHO,UTime Limited - Class A Ordinary Shares,11,-16,-60,-76,-100
FXNC,First National Corporation - Common Stock,1,-4,9,23,36
GABC,"German American Bancorp, Inc. - Common Stock",-1,-3,15,27,27
GAIA,"Gaia, Inc. - Class A Common Stock",-5,-21,-49,-62,-77
GAIN,Gladstone Investment Corporation - Business Development Company,-1,-4,10,17,19
GAING,Gladstone Investment Corporation - 7.125% Notes due 2031,0,1,2,4,4
GAINI,Gladstone Investment Corporation - 7.875% Notes due 2030,0,0,4,3,5
GAINZ,Gladstone Investment Corporation - 4.875% Notes due 2028,-1,0,4,3,5
GALT,Galectin Therapeutics Inc. - Common Stock,-1,-11,52,-4,-10
GAME,"GameSquare Holdings, Inc. - Common stock",-1,3,50,-12,-55
GANX,"Gain Therapeutics, Inc. - Common Stock",3,-5,-7,-46,-10
GASS,"StealthGas, Inc. - common stock",1,-4,-7,28,38
GBDC,"Golub Capital BDC, Inc. - Closed End Fund",0,0,4,1,2
GBFH,GBank Financial Holdings Inc. - Common Stock,-3,-9,-35,-44,-55
GBLI,"Global Indemnity Group, LLC - Class A Common Shares",1,-17,-8,-11,-13
GCBC,"Greene County Bancorp, Inc. - Common Stock",0,-4,48,56,54
GCL,GCL Global Holdings Ltd - Ordinary Shares,1,22,17,-30,-71
GCMG,GCM Grosvenor Inc. - Class A Common Stock,1,-3,36,18,12
GCT,GigaCloud Technology Inc - Class A Ordinary Shares,3,2,13,33,85
GCTK,"GlucoTrack, Inc. - Common Stock",-6,-51,-87,-97,-99
GDC,GD Culture Group Limited - Common Stock,3,-10,-100,-100,-100
GDEV,GDEV Inc. - Ordinary Shares,2,-2,-23,-25,-68
GDHG,Golden Heaven Group Holdings Ltd.  - Class A Ordinary Shares,2,-9,-37,-37,-84
GDS,GDS Holdings Limited - American Depositary Shares,0,0,-20,-19,-21
GDTC,CytoMed Therapeutics Limited - Ordinary Shares,-5,-4,-20,-39,-58
GDYN,"Grid Dynamics Holdings, Inc. - Class A Common Stock",3,-4,38,-11,-7
GECC,Great Elm Capital Corp. - Closed End Fund,1,-8,11,-11,-28
GECCG,Great Elm Capital Corp. - 7.75% Notes Due 2030,0,0,5,5,7
GECCH,Great Elm Capital Corp. - 8.125% Notes Due 2029,0,1,4,6,7
GECCI,Great Elm Capital Corp. - 8.50% NOTES DUE 2029,0,1,2,6,8
GEG,"Great Elm Group, Inc.  - Common Stock",0,-2,6,-15,-11
GEGGL,"Great Elm Group, Inc.  - 7.25% Notes due 2027",0,2,4,5,8
GEHC,GE HealthCare Technologies Inc. - Common Stock,-2,-6,-7,-21,-14
GELS,Gelteq Limited - Ordinary Shares,0,-41,-24,-37,-58
GEMI,"Gemini Space Station, Inc. - Class A Common Stock",-2,7,19,-50,-79
GEN,Gen Digital Inc. - Common Stock,6,-30,15,-14,-19
GENB,"Generate Biomedicines, Inc. - Common Stock",-3,-8,24,19,19
GENK,"GEN Restaurant Group, Inc. - Class A Common Stock",-5,-15,4,-30,-46
GEOS,Geospace Technologies Corporation - Common Stock,1,-5,-61,-72,-75
GEVO,"Gevo, Inc. - Common Stock",-1,-20,-39,-36,-38
GFAI,"Guardforce AI Co., Limited - Ordinary Shares",0,-16,-26,-50,-73
GFS,GlobalFoundries Inc. - Ordinary Share,0,8,10,30,34
GGAL,"Grupo Financiero Galicia S.A. - American Depositary Shares, Class B Shares underlying",1,-16,-18,-28,35
GH,"Guardant Health, Inc. - Common Stock",0,11,99,75,184
GHXI,"Gores Holdings XI, Inc. - Class A Ordinary Shares",1,1,2,2,2
GIBO,GIBO Holdings Limited - Class A Ordinary Shares,-6,-6,-11,-44,-55
GIFT,"Giftify, Inc. - Common Stock",-20,-38,-53,-56,-54
GIGM,GigaMedia Limited - Ordinary Shares,-1,-1,-4,-11,-18
GIII,"G-III Apparel Group, LTD. - Common Stock",0,0,-4,-7,0
GILD,"Gilead Sciences, Inc. - Common Stock",-1,-1,8,25,36
GILT,Gilat Satellite Networks Ltd. - Ordinary Shares,-1,-4,-43,-26,-27
GITS,"Global Interactive Technologies, Inc. Common Stock - Common Stock",11,-7,-23,162,-15
GIX,GigCapital9 Corp. - Class A Ordinary Share,0,0,2,2,2
GIXI,Gix Internet Ltd. - Ordinary Shares,-3,-37,-64,-64,-64
GLAD,Gladstone Capital Corporation - Closed End Fund,-1,-3,11,1,0
GLBE,Global-E Online Ltd. - ordinary shares,-1,4,27,5,12
GLBS,Globus Maritime Limited - Common Stock,-6,-11,51,101,211
GLE,Global Engine Group Holding Limited - Class A Ordinary Shares,1,-2,26,32,-34
GLIBA,Liberty Capital Corporation - Series A GCI Group Common Stock,1,-13,-36,-36,-38
GLIBK,Liberty Capital Corporation - Series C GCI Group Common Stock,0,-11,-37,-36,-38
GLND,Greenland Energy Company - Common Stock,8,292,-35,-35,-35
GLNG,Golar LNG Limited - Common Shares,-1,-9,-14,27,24
GLOO,"Gloo Holdings, Inc. - Common Stock",-4,40,-24,-23,-46
GLPI,"Gaming and Leisure Properties, Inc. - Common Stock",-1,-9,-13,-10,-13
GLSI,"Greenwich LifeSciences, Inc. - Common stock",-2,15,-18,-7,65
GLXG,Galaxy Payroll Group Limited - Class A Ordinary Shares,2,-4,-57,-44,-81
GLXY,Galaxy Digital Inc. - Class A common stock,-1,-14,24,-8,-37
GMAB,Genmab A/S - American Depositary Shares,0,4,29,12,6
GMEX,GMEX ROBOTICS CORPORATION - Class A Ordinary Shares,-7,227,-93,-99,-101
GMHS,Gamehaus Holdings Inc. - Class A Ordinary Shares,-1,-13,-33,-29,-51
GMM,Global Mofy AI Limited  - Class A Ordinary Shares,-2,-16,-98,-97,-98
GNLN,"Greenlane Holdings, Inc. - Class A Common Stock",3,4,3,-77,-91
GNLX,Genelux Corporation - Common Stock,3,0,-7,-44,-43
GNPX,"Genprex, Inc. - Common Stock",2,-15,-91,-93,-99
GNSS,Genasys Inc. - Common Stock,-1,1,-17,-33,-40
GNTA,Genenta Science S.p.A. - American Depositary Shares,0,-26,4,-50,-79
GNTX,Gentex Corporation - Common Stock,-2,-5,2,-7,-20
GO,Grocery Outlet Holding Corp. - Common Stock,3,-9,58,11,-32
GOAI,Eva Live Inc. - Common Stock,-1,-29,-54,-75,-75
GOGO,Gogo Inc. - Common Stock,-4,-19,-48,-55,-75
GOOD,Gladstone Commercial Corporation - Real Estate Investment Trust,0,-2,13,26,15
GOODN,Gladstone Commercial Corporation - 6.625% Series E Cumulative Redeemable Preferred Stock,0,-10,-3,-4,1
GOODO,"Gladstone Commercial Corporation - 6.00% Series G Cumulative Redeemable Preferred Stock, par value $0.001 per share",-1,-10,-1,-6,0
GOOG,Alphabet Inc. - Class C Capital Stock,1,1,15,8,39
GOOGL,Alphabet Inc. - Class A Common Stock,1,1,15,9,41
GOOGM,Alphabet Inc. - Depositary Shares representing a 1/20th Interest in a Share of Series A Mandatory Convertible Preferred Stock,1,1,-1,-1,-1
GOOGN,Alphabet Inc. - Depositary Shares representing a 1/20th Interest in a Share of Series B Mandatory Convertible Preferred Stock,0,0,-2,-2,-2
GOSS,"Gossamer Bio, Inc. - Common Stock",2,-16,-57,-95,-94
GOVX,"GeoVax Labs, Inc. - Common Stock",-5,-34,-73,-94,-98
GP,GreenPower Motor Company Inc. - Common Shares,4,-32,-40,-23,-81
GPAC,General Purpose Acquisition Corp. - Class A Ordinary Shares,0,0,2,2,2
GPAT,GP-Act III Acquisition Corp. - Class A Ordinary Share,1,1,2,4,5
GSAT,"Globalstar, Inc. - Common Stock",0,1,14,30,97
GSBC,"Great Southern Bancorp, Inc. - Common Stock",0,-3,21,28,29
GSHD,"Goosehead Insurance, Inc. - Class A Common Stock",3,-32,2,-35,-37
GSIT,"GSI Technology, Inc. - Common Stock",0,2,0,-19,11
GSM,Ferroglobe PLC - Ordinary Shares,0,-12,-1,-12,-20
GT,The Goodyear Tire & Rubber Company - Common Stock,-1,-19,-27,-44,-36
GTBP,"GT Biopharma, Inc. - Common Stock",-6,2467,1354,692,913
GTEC,Greenland Technologies Holding Corporation - Class A Ordinary Shares,-11,-21,2,18,-45
GTEN,"Gores Holdings X, Inc. - Class A ordinary shares",0,-2,3,2,3
GTIM,Good Times Restaurants Inc. - Common Stock,1,-1,24,25,-9
GTLB,GitLab Inc. - Class A Common Stock,1,-4,108,31,1
GTM,ZoomInfo Technologies Inc. - Common Stock,4,-8,-36,-61,-64
GTX,Garrett Motion Inc. - Common Stock,-1,-5,43,51,96
GVH,Globavend Holdings Limited - Ord Shares,-2,11,-52,-19,-77
GXAI,Gaxos.ai Inc. - Common Stock,-1,-29,-58,-53,-68
GYGY,"Game Your Game, Inc. - Common Stock",-10,-56,-96,-96,-96
HACQ,HCM IV Acquisition Corp. - Class A Ordinary Share,0,0,1,1,1
HAFC,Hanmi Financial Corporation - Common Stock,-1,-3,17,18,30
HAIN,"The Hain Celestial Group, Inc. - Common Stock",-2,-35,-40,-53,-69
HALO,"Halozyme Therapeutics, Inc. - Common Stock",-1,0,75,57,60
HAO,Haoxi Health Technology Limited - Class A Ord Share,-1,-19,-100,-100,-100
HAPN,"Happen, Inc. - Common Stock",-1,-16,0,-23,0
HAS,"Hasbro, Inc. - Common Stock",-1,-6,-2,8,19
HAVA,Harvard Ave Acquisition Corporation - Class A Ordinary Share,0,0,2,3,4
HBAN,Huntington Bancshares Incorporated - Common Stock,0,-10,-2,-10,-8
HBANL,"Huntington Bancshares Incorporated - Depositary Shares, Each Representing a 1/40th Interest in a Share of 6.875% Series J Non-Cumulative Perpetual Preferred Stock",0,-1,3,2,3
HBANM,Huntington Bancshares Incorporated - Depositary Shares each representing a 1/1000th interest in a share of Huntington Series I Preferred Stock,-2,-6,-7,-8,-11
HBANP,Huntington Bancshares Incorporated - Depositary Shares 4.500% Series H Non-Cumulative Perpetual Preferred Stock,0,-5,-7,-8,-13
HBANZ,"Huntington Bancshares Incorporated - Depositary Shares, Each Representing a 1/1000th Interest in a Share of 5.50% Series L Non-Cumulative Perpetual Preferred Stock",-1,-2,-6,-9,-9
HBCP,"Home Bancorp, Inc. - Common Stock",-1,-6,8,17,24
HBIO,"Harvard Bioscience, Inc. - Common Stock",-1,-1,43,22,76
HBNB,Hotel101 Global Holdings Corp. - Class A Ordinary Shares,8,-8,-33,-31,63
HBNC,"Horizon Bancorp, Inc. - Common Stock",0,-4,12,16,22
HBT,"HBT Financial, Inc. - Common Stock",-1,-3,31,41,46
HCAC,Hall Chadwick Acquisition Corp. - Class A Ordinary Shares,0,0,2,2,2
HCAI,"Huachen AI Parking Management Technology Holding Co., Ltd. - Class A Ordinary Shares",0,-88,-88,-94,-97
HCAT,"Health Catalyst, Inc - Common stock",-1,1,50,-24,-42
HCHL,Happy City Holdings Limited - Class A Ordinary shares,0,0,132,-1,17
HCIC,Hennessy Capital Investment Corp. VIII - Class A Ordinary Shares,0,0,2,1,1
HCKT,"The Hackett Group, Inc. - Common Stock",2,-8,-23,-47,-45
HCM,HUTCHMED (China) Limited - American Depositary Shares,3,4,-5,7,-9
HCMA,HCM III Acquisition Corp. - Class A Ordinary Share,0,0,2,2,2
HCSG,"Healthcare Services Group, Inc. - Common Stock",-2,-6,9,18,25
HCTI,"Healthcare Triangle, Inc. - Common Stock",8,-16,-70,-98,-100
HDL,SUPER HI INTERNATIONAL HOLDING LTD. - American Depositary Shares,-2,-8,-20,-30,-36
HDSN,"Hudson Technologies, Inc. - Common Stock",0,-2,-12,-24,-46
HELE,Helen of Troy Limited - Common Stock,-3,-3,76,33,4
HELP,Helus Pharma Inc.  - Common Stock,-3,4,134,48,102
HEPS,D-Market Electronic Services & Trading - American Depositary Shares,-2,-8,-7,-4,-10
HFBL,"Home Federal Bancorp, Inc. of Louisiana - Common Stock",-1,-1,44,42,84
HFFG,HF Foods Group Inc. - Common Stock,4,-7,-18,-25,-40
HGBL,Heritage Global Inc. - Common Stock,0,0,-4,6,-19
HHS,"Harte Hanks, Inc. - Common Stock",-2,8,86,49,25
HIFS,Hingham Institution for Savings - Common Stock,-3,-5,-1,5,2
HIHO,Highway Holdings Limited - Common Stock,0,-2,19,-31,-45
HIMX,"Himax Technologies, Inc. - American depositary shares, each of which represents two ordinary shares.",0,4,62,68,66
HIND,"Vyome Holdings, Inc. - Common Stock",-4,-13,-11,-46,-65
HIT,"Health In Tech, Inc. - Class A Common Stock",-4,-18,-42,-53,-76
HITI,High Tide Inc. - Common Shares,-2,8,18,-2,-24
HIVE,HIVE Digital Technologies Ltd - Common Shares,-2,-3,50,8,-34
HKIT,Hitek Global Inc. - Class A Ordinary Share,2,-7,-98,-100,-100
HKPD,"Cellyan Biotechnology Co., Ltd  - Class A Ordinary Shares",5,-17,-79,-86,-91
HLIT,Harmonic Inc. - Common Stock,0,-9,14,5,-1
HLMN,Hillman Solutions Corp. - Common Stock,-2,-9,-15,-20,-24
HLNE,Hamilton Lane Incorporated - Class A Common Stock,1,-15,-8,-35,-30
HLP,Hongli Group Inc. - Class A Ordinary Shares,3,79,195,148,87
HLXC,Helix Acquisition Corp. III - Class A Ordinary Shares,-1,-1,5,4,4
HMH,HMH Holding Inc. - Common Stock,-1,-12,-6,-9,-9
HNNA,"Hennessy Advisors, Inc. - Common Stock",-1,-3,7,9,-1
HNST,"The Honest Company, Inc. - Common Stock",-2,-12,85,97,40
HODO,House of Doge Inc. - Common Stock,-4,-32,-95,-95,-99
HOFT,Hooker Furnishings Corporation - Common Stock,1,3,-3,19,35
HOLO,MicroCloud Hologram Inc. - Ordinary Shares,-1,-9,-23,-42,-70
HON,Honeywell International Inc. - Common Stock,0,2,-11,4,4
HONA,Honeywell Aerospace Inc. - Common Stock,0,0,-23,-23,-23
HOOD,"Robinhood Markets, Inc. - Class A Common Stock",-3,-10,61,-2,-24
HOPE,"Hope Bancorp, Inc. - Common Stock",-1,-5,15,25,29
HOVNP,Hovnanian Enterprises Inc - Depositary Share representing 1/1000th of 7.625% Series A Preferred Stock,1,-7,-6,-7,-6
HPAI,Helport AI Limited - Ordinary Shares,1,-29,-82,-92,-91
HPK,"HighPeak Energy, Inc. - Common Stock",5,-2,16,83,14
HQ,Horizon Quantum Holdings Ltd. - Class A Ordinary Shares,5,-6,63,51,51
HQI,"HireQuest, Inc. - Common Stock",-2,15,84,81,109
HQY,"HealthEquity, Inc. - Common Stock",1,-10,6,-3,0
HSAI,Hesai Group - American Depositary Share,3,-14,-23,-34,-42
HSCS,HeartSciences Inc. - Common Stock,3,24,85,33,13
HSDT,Solana Company - Class A Common Stock,-8,11,38,-15,-84
HSIC,"Henry Schein, Inc. - Common Stock",-1,-8,12,9,25
HST,"Host Hotels & Resorts, Inc. - Common Stock",1,3,22,31,43
HSTM,"HealthStream, Inc. - Common Stock",0,0,46,31,9
HTCO,High-Trend International Group - Class A Ordinary Shares,-6,-23,-71,-76,-73
HTFL,"Heartflow, Inc. - Common Stock",0,0,92,72,32
HTHT,H World Group Limited - American Depositary Shares,-1,-6,-14,-7,16
HTLD,"Heartland Express, Inc. - Common Stock",0,-6,9,28,34
HTLM,HomesToLife Ltd - Ordinary Shares,-3,8,16,-19,-43
HTO,H2O America  - Common Stock,0,-5,6,28,35
HTOO,Fusion Fuel Green PLC - Ordinary Shares,4,-9,-24,-41,-56
HTZ,"Hertz Global Holdings, Inc - Common Stock",-1,-26,-69,-68,-73
HVMC,Highview Merger Corp. - Class A Ordinary Share,0,0,2,3,3
HXHX,Haoxin Holdings Limited - Class A Ordinary Shares,-2,-21,-26,-27,-73
HYFM,"Hydrofarm Holdings Group, Inc. - Common Stock",2,-6,-3,-40,-68
HYFT,MindWalk Holdings Corp. - Common Stock,-4,0,17,-34,-22
HYMC,Hycroft Mining Holding Corporation - Class A Common Stock,-2,-18,-47,-22,205
HYNE,"Hoyne Bancorp, Inc. - Common Stock",1,0,12,17,19
HYPD,"Hyperion DeFi, Inc. - Common Stock",-6,13,13,5,-66
IA,"Innovative Solutions and Support, Inc. - Common Stock",-1,1,-14,-1,54
IACO,Idea Acquisition Corp. - Class A Ordinary Shares,0,0,2,2,2
IACQ,Irenic Acquisition Corp. - Class A Ordinary Shares,0,0,0,0,0
IBAC,IB Acquisition Corp. - Common Stock,-2,0,2,4,4
IBCP,Independent Bank Corporation - Common Stock,1,-4,7,13,19
IBEX,IBEX Limited - Common Share,0,10,57,19,14
IBG,Innovation Beverage Group Limited - Ordinary Shares,0,-1,-20,-90,-94
IBIO,"iBio, Inc. - Common Stock",1,-9,-42,-42,37
IBOC,International Bancshares Corporation - Common Stock,-1,-4,1,5,2
ICCC,ImmuCell Corporation - Common Stock,-1,-2,48,66,55
ICCM,IceCure Medical Ltd. - Ordinary Shares,2,-27,-82,-91,-94
ICFI,"ICF International, Inc. - Common Stock",0,-7,23,-2,-11
ICG,Intchains Group Limited - American Depositary Shares,0,-6,-29,-50,-49
ICMB,"Investcorp Credit Management BDC, Inc. - Common Stock",-2,-3,-44,-69,-71
ICON,Icon Energy Corp. - Common stock,1,-3,-2,-71,-91
IDAC,Iron Dome Acquisition I Corp. - Class A Ordinary Shares,0,-1,0,0,0
IDAI,T Stamp Inc. - Class A Common Stock,-6,-3,18,-24,-4
IDCC,"InterDigital, Inc. - Common Stock",1,-3,4,1,-3
IDN,"Intellicheck, Inc. - Common Stock",-1,-20,-70,-65,-56
IDXX,"IDEXX Laboratories, Inc. - Common Stock",-2,-1,-10,-22,-17
IDYA,"IDEAYA Biosciences, Inc. - Common Stock",1,-4,19,14,39
IEAG,Infinite Eagle Acquisition Corp. - Class A Ordinary Shares,0,0,2,2,2
IEP,Icahn Enterprises L.P. - Depositary Units representing Limited Partner Interests,-2,-3,0,10,4
IESC,"IES Holdings, Inc. - Common Stock",-1,2,31,58,68
IFBD,"Infobird Co., Ltd - Ordinary Shares",-8,-9,-2,-11,-12
IGAC,Invest Green Acquisition Corporation - Class A Ordinary Shares,0,1,2,3,2
IGIC,International General Insurance Holdings Ltd. - Ordinary Shares,-1,-9,-3,3,10
III,"Information Services Group, Inc. - Common Stock",2,9,43,2,0
IIIV,"i3 Verticals, Inc. - Common Stock",-1,-16,-39,-45,-58
IKT,"Inhibikase Therapeutics, Inc. - Common Stock",2,-18,15,5,24
ILAG,Intelligent Living Application Group Inc. - Ordinary Shares,0,-4,-9,-27,-57
ILMN,"Illumina, Inc. - Common Stock",1,23,114,104,168
ILPT,Industrial Logistics Properties Trust - Common Shares of Beneficial Interest,-1,-14,32,32,32
IMA,"ImageneBio, Inc. - Common Stock",0,-6,1,-32,-47
IMCC,IM Cannabis Corp. - Common Shares,-8,2,-77,-95,-96
IMDX,Insight Molecular Diagnostics Inc. - Common Stock,6,-13,7,-50,7
IMKTA,"Ingles Markets, Incorporated - Class A Common Stock",0,3,-8,22,18
IMMP,Immutep Limited - American Depositary Shares,-2,1127,1161,54,144
IMMX,"Immix Biopharma, Inc. - Common Stock",-1,-25,21,92,405
IMNM,"Immunome, Inc. - Common Stock",-2,-21,0,3,74
IMNN,"Imunon, Inc. - Common Stock",-4,-17,-59,-67,-76
IMOS,ChipMOS TECHNOLOGIES INC. - American Depositary Shares,6,27,99,138,261
IMPP,Imperial Petroleum Inc. - Common Shares,2,-3,16,40,7
IMPPP,Imperial Petroleum Inc. - 8.75% Series A Cumulative Redeemable Perpetual Preferred Shares,1,2,3,7,12
IMTE,Integrated Media Technology Limited - Ordinary Shares,-8,-2,-19,-25,-60
IMTX,Immatics N.V. - Ordinary Shares,3,-7,-15,-16,-7
IMVT,"Immunovant, Inc.  - Common Stock",1,-14,36,30,100
IMXI,"International Money Express, Inc. - Common Stock",-1,-20,-27,-25,-18
INAB,"IN8bio, Inc. - Common Stock",3,15,-6,-46,-44
INAC,Indigo Acquisition Corp. - Ordinary Shares,0,1,2,3,4
INBK,First Internet Bancorp - Common Stock,1,-8,21,30,19
INBKZ,First Internet Bancorp - Fixed-to-Floating Rate Subordinated Notes Due 2029,1,0,7,8,10
INBS,Intelligent Bio Solutions Inc.  - Common Stock,2,-27,-36,-79,-86
INBX,"Inhibrx Biosciences, Inc. - Common Stock",-5,-18,57,33,181
INCY,Incyte Corporation - Common Stock,-2,-5,28,20,40
INDB,Independent Bank Corp. - Common Stock,-1,-6,1,9,15
INDI,"indie Semiconductor, Inc. - Class A Common Stock",-1,-16,-1,-21,-32
INDP,"Indaptus Therapeutics, Inc. - Common Stock",-19,98,31,-16,-30
INDV,"Indivior Pharmaceuticals, Inc.  - Common Stock",-2,3,18,0,55
INEO,INNEOVA Holdings Limited - Class A Ordinary Shares,2,10,21,13,-38
INGN,"Inogen, Inc - Common Stock",-2,-3,-17,-21,-39
INHD,Inno Holdings Inc. - Common Stock,5,-32,-67,-87,-99
INIO,INNIO N.V. - Ordinary Shares,-1,-11,-46,-46,-46
INKT,"MiNK Therapeutics, Inc. - Common Stock",2,12,10,13,-16
INLF,INLIF LIMITED - Class A Ordinary shares,-12,11,-100,-100,-100
INM,InMed Pharmaceuticals Inc. - Common Shares,-1,2,96,21,-41
INMB,INmune Bio Inc. - Common stock,-1,-14,59,27,-6
INMD,InMode Ltd.  - Ordinary Shares,0,-5,3,-4,-6
INNV,InnovAge Holding Corp. - Common Stock,-2,-18,10,70,76
INO,"Inovio Pharmaceuticals, Inc. - Common Stock",10,-10,8,-28,-50
INOD,Innodata Inc. - Common Stock,-2,19,68,24,-22
INSE,"Inspired Entertainment, Inc. - Common Stock",5,-38,-50,-62,-64
INSG,Inseego Corp. - Common Stock,-5,-9,-70,-64,-79
INSM,Insmed Incorporated - Common Stock,-1,-10,-30,-36,-27
INTA,"Intapp, Inc. - Common Stock",3,-16,46,-17,-8
INTC,Intel Corporation - Common Stock,4,31,137,205,226
INTG,The Intergroup Corporation - Common Stock,-8,-18,-20,13,49
INTJ,Intelligent Group Limited - Class A Ordinary Shares,-8,-3,-68,-75,-70
INTS,"Intensity Therapeutics, Inc. - Common Stock",-1,-16,-39,-67,-52
INTZ,Intrusion Inc. - Common Stock,-1,-13,-17,-40,-61
INV,"Innventure, Inc. - Common Stock",-5,-48,-88,-87,-89
INVA,"Innoviva, Inc. - Common Stock",0,-1,-8,7,21
INVE,"INVE Technologies, Inc. - Common Stock",0,-16,-36,-35,-34
INVZ,Innoviz Technologies Ltd. - Ordinary shares,-4,11,-45,-62,-84
IOND,Ionic Digital Inc. - Class A Common Stock,-1,7,28,28,28
IONS,"Ionis Pharmaceuticals, Inc. - Common Stock",-3,-23,-40,-44,-35
IOSP,Innospec Inc. - Common Stock,-1,2,34,26,24
IOVA,"Iovance Biotherapeutics, Inc. - Common Stock",3,70,349,488,533
IPDN,"Professional Diversity Network, Inc. - Common Stock",0,3833,303,255,30
IPFX,Inflection Point Acquisition Corp. VI - Class A Ordinary Shares,0,0,0,0,0
IPGP,IPG Photonics Corporation - Common Stock,0,2,-29,5,-8
IPHA,Innate Pharma S.A. - American Depositary Shares,2,-23,17,-10,-21
IPM,Intelligent Protection Management Corp.  - Common Stock,0,-7,2,3,-11
IPSC,"Century Therapeutics, Inc. - Common Stock",4,-18,-22,72,233
IPST,"IP Strategy Holdings, Inc. - Common Stock",6,-23,-34,-91,-99
IPVV,"InterPrivate Investment Partners V, Inc. - Class A Ordinary Shares",0,0,0,0,0
IPX,IperionX Limited - American Depositary Share,-8,-23,-37,-58,-70
IPXG,Inection Point Acquisition Corp. VII  - Class A Ordinary Shares,0,0,2,2,2
IQ,"iQIYI, Inc. - American Depositary Shares",1,13,-25,-51,-60
IQMX,IQM Quantum Computers Oyj - American Depositary Shares,0,-4,0,1,2
IQST,iQSTEL Inc. - Common Stock,7,15,-42,-66,-83
ISBA,Isabella Bank Corporation - Common stock,1,-4,-17,-24,10
ISPC,iSpecimen Inc. - Common Stock,-4,-23,-81,-90,-97
ITG,"ITG, Inc. - Class A Common Stock",-5,-40,-56,-56,-56
ITHA,ITHAX Acquisition Corp III - Class A Ordinary Shares,0,0,2,2,2
ITIC,Investors Title Company - Common Stock,-3,-6,27,15,7
ITOC,iTonic Holdings Ltd - Class A Ordinary Shares,4,-5,-9,-35,-64
IVA,Inventiva S.A. - American Depository Shares,12,-24,-35,-22,-43
IVDA,"Iveda Solutions, Inc. - Common Stock",3,7,15,-66,-84
IVF,"INVO Fertility, Inc. - Common Stock",0,-7,-62,-80,-97
IVVD,"Invivyd, Inc. - Common Stock",2,4,-33,-65,-25
IXHL,Incannex Healthcare Inc. - Common Stock,-2,0,27,-72,-78
IZEA,"IZEA Worldwide, Inc. - Common Stock",-2,-17,-30,-45,-35
IZM,ICZOOM Group Inc. - Class A Ordinary Shares,2,410,117,-52,-48
JACK,Jack In The Box Inc. - Common Stock,-2,-13,25,-29,-34
JAGX,"Jaguar Health, Inc. - Common Stock",-15,-57,-98,-99,-100
JAKK,"JAKKS Pacific, Inc. - Common Stock",-1,4,22,51,39
JANX,"Janux Therapeutics, Inc. - Common Stock",2,-13,16,27,-28
JATT,JATT II Acquisition Corp - Ordinary Shares,-1,-8,7,7,7
JAZZ,Jazz Pharmaceuticals plc - Ordinary Shares,0,-6,24,34,66
JBDI,JBDI Holdings Limited - Ordinary Shares,3,-19,-4,-26,-65
JBHT,"J.B. Hunt Transport Services, Inc. - Common Stock",-2,-16,3,14,64
JBIO,"Jade Biosciences, Inc. - Common Stock",-1,-29,-13,-1,59
JBSS,"John B. Sanfilippo & Son, Inc. - Common Stock",-1,-9,-15,-1,9
JCAP,"Jefferson Capital, Inc. - Common Stock",0,-11,0,-10,10
JCSE,JE Cleantech Holdings Limited - Ordinary Shares,1,0,11,86,36
JCTC,Jewett-Cameron Trading Company - Common Shares,0,0,77,22,-17
JD,"JD.com, Inc. - American Depositary Shares",1,-4,-3,-7,-22
JDZG,JIADE LIMITED - Class A Ordinary Shares,-6,42,-74,-98,-99
JEM,707 Cayman Holdings Limited - Ordinary Shares,1,-17,-85,-92,-96
JF,J and Friends Holdings Limited - American Depositary Shares,-1,0,-5,-2,-1
JFIN,Jiayin Group Inc. - American Depositary Shares,1,-22,-68,-77,-88
JG,Aurora Mobile Limited - American Depositary Shares,4,4,-4,7,-21
JJSF,J & J Snack Foods Corp. - Common Stock,-1,-10,-3,-13,-18
JKHY,"Jack Henry & Associates, Inc. - Common Stock",-2,-15,-9,-19,-1
JL,J-Long Group Limited - Class A Ordinary Shares,0,-5,-36,-26,-26
JLHL,Julong Holding Limited - Class A Ordinary Shares,-8,-40,-37,-4,-14
JMSB,"John Marshall Bancorp, Inc. - Common Stock",-1,-3,12,17,17
JONE,Jones Ventures INTL Acquisition1 Corp - Class A Ordinary Shares,0,0,0,0,0
JOYY,JOYY Inc. - American Depositary Shares,2,10,44,32,48
JSM,"Navient Corporation - 6% Senior Notes due December 15, 2043",-2,-6,-5,-12,-9
JTAI,Jet.AI Inc. - Common Stock,-1,20,94,-87,-97
JTTT,JATT III Acquisition Corp - Ordinary Shares,1,0,-4,-4,-4
JVA,"Coffee Holding Co., Inc. - Common Stock",-2,12,-9,7,-16
JXG,JX Luxventure Group Inc. - Common Stock,6,-17,103,30,-43
JYD,Jayud Global Logistics Limited - Class A Ordinary Shares,-13,-6,-73,-84,-89
JYNT,The Joint Corp. - Common Stock,-5,-11,-16,-16,-19
JZ,Jianzhi Education Technology Group Company Limited - American Depositary Shares,-7,-57,-98,-99,-99
JZXN,"Jiuzi Holdings, Inc. - Ordinary Shares",-3,-3,24,-39,-93
KALA,"KALA BIO, Inc. - Common Stock",-15,-24,-95,-99,-99
KBON,Karbon Capital Partners Corp. - Class A Ordinary Shares,0,0,0,1,1
KBSX,FST Corp. - Ordinary Shares,-4,70,25,18,9
KC,Kingsoft Cloud Holdings Limited - American Depositary Shares,0,-13,-33,-17,-40
KCHV,Kochav Defense Acquisition Corp. - Class A Ordinary Shares,0,0,2,3,4
KDK,"Kodiak AI, Inc. - Common Stock",-10,-48,-75,-82,-74
KDP,Keurig Dr Pepper Inc. - Common Stock,-2,-7,20,12,21
KE,"Kimball Electronics, Inc. - Common Stock",-1,12,15,-5,-6
KEEL,Keel Infrastructure Corp. - Common Stock,-1,5,63,36,17
KELYA,"Kelly Services, Inc. - Class A Common Stock",-1,-3,86,91,28
KELYB,"Kelly Services, Inc. - Class B Common Stock",0,-4,54,160,73
KEYY,Keystone Acquisition Corp. - Class A Ordinary Shares,0,0,0,0,0
KFFB,Kentucky First Federal Bancorp - Common Stock,-4,3,31,23,46
KFII,K&F Growth Acquisition Corp. II - Class A Ordinary shares,0,0,2,3,5
KG,"Kestrel Group, Ltd. - Common Stock",1,-30,-54,-44,-79
KGEI,Kolibri Global Energy Inc. - Common stock,1,-2,16,58,10
KIDS,OrthoPediatrics Corp. - Common Stock,-2,-1,40,27,19
KIDZ,KIDZ AI Inc. - Class B Common Stock,-4,-39,-99,-100,-100
KINS,"Kingstone Companies, Inc - Common Stock",-2,-13,21,9,18
KITT,"Nauticus Robotics, Inc. - Common stock",-17,-62,-94,-96,-99
KLAC,KLA Corporation  - Common Stock,-1,13,27,54,78
KLIC,"Kulicke and Soffa Industries, Inc. - Common Stock",1,20,42,96,136
KLXE,"KLX Energy Services Holdings, Inc.  - Common Stock",0,-5,-49,-25,-27
KMB,Kimberly-Clark Corporation - Common Stock,-2,-9,3,0,-16
KMDA,Kamada Ltd. - Ordinary Shares,-3,2,4,27,30
KMTS,"Kestra Medical Technologies, Ltd. - Common Stock",-1,13,46,16,14
KNDI,"Kandi Technologies Group, Inc. - Ordinary Shares",-2,25,-4,-7,-39
KNSA,"Kiniksa Pharmaceuticals International, plc - Class A Ordinary Shares",-1,-7,51,78,94
KOD,Kodiak Sciences Inc - Common Stock,4,161,143,264,529
KOPN,Kopin Corporation - Common Stock,-3,8,78,85,63
KOSS,Koss Corporation - Common Stock,1,14,6,-7,-23
KOYN,CSLM Digital Asset Acquisition Corp III - Class A Ordinary Shares,0,0,2,3,3
KPLT,"Katapult Holdings, Inc. - Common Stock",-4,-36,-38,-32,-67
KPTI,Karyopharm Therapeutics Inc. - Common Stock,1,-31,-81,-83,-81
KSCP,"Knightscope, Inc. - Class A Common Stock",-4,-45,-80,-81,-88
KSPI,Joint Stock Company Kaspi.kz - American Depository Shares,-2,-11,33,30,26
KTCC,Key Tronic Corporation - Common Stock,-1,-12,-24,-25,-39
KTOS,"Kratos Defense & Security Solutions, Inc. - Common Stock",-1,-11,-42,-46,-56
KTTA,Pasithea Therapeutics Corp. - Common Stock,1,-15,-38,-59,-38
KVHI,"KVH Industries, Inc. - Common Stock",-3,-1,-23,-1,28
KXIN,Kaixin Holdings - Ordinary Shares,9,18,-75,-98,-100
KYIV,Kyivstar Group Ltd. - Common Shares,-3,-14,20,-7,2
KYNB,"Kyntra Bio, Inc. - Common Stock",-2,-22,-5,-27,-43
KYTX,"Kyverna Therapeutics, Inc. - Common Stock",-1,-19,-24,-22,23
KZIA,Kazia Therapeutics Limited - American Depositary Shares,-2,-21,31,92,46
LAB,Standard BioTools Inc. - Common Stock,4,10,-17,-42,-45
LABT,Lakewood-Amedex Biotherapeutics Inc. - Common Stock,-3,-49,-99,-99,-99
LAES,SEALSQ Corp - Ordinary Shares,1,-3,-2,-45,-50
LAFA,LaFayette Acquisition Corp. - Ordinary Share,0,0,2,3,3
LAKE,"Lakeland Industries, Inc. - Common Stock",-5,-19,12,12,-36
LAND,Gladstone Land Corporation - Common Stock,0,-3,-7,8,9
LANDO,Gladstone Land Corporation - 6.00% Series B Cumulative Redeemable Preferred Stock,1,-3,2,12,10
LANDP,Gladstone Land Corporation - 6.00% Series C Cumulative Redeemable Preferred Stock,1,-1,5,12,12
LASE,Laser Photonics Corporation - Common Stock,1,-39,-14,-57,-81
LATA,Galata Acquisition Corp. II - Class A Ordinary Shares,0,0,2,2,1
LBGJ,Li Bang International Corporation Inc. - Class A Ordinary Shares,2,-13,-99,-100,-100
LBTYA,Liberty Global Ltd. - Class A Common Shares,-1,-14,-27,-16,-22
LBTYB,Liberty Global Ltd. - Class B Common Shares,-3,-7,-10,9,6
LBTYK,Liberty Global Ltd. - Class C Common Shares,-1,-15,-26,-18,-25
LCCC,Lakeshore Acquisition III Corp. - Ordinary Shares,0,0,2,3,4
LCFY,Locafy Limited - Ordinary Share,1,-3,-46,-16,-66
LCID,"Lucid Group, Inc. - Common Stock",0,-12,-56,-63,-84
LCNB,LCNB Corporation - Common Stock,-1,-3,16,18,30
LE,"Lands' End, Inc. - Common Stock",0,-5,-6,-30,-32
LECO,"Lincoln Electric Holdings, Inc. - Common Shares",-2,-3,12,10,13
LEDS,SemiLEDS Corporation - Common Stock,0,22,87,42,-5
LEE,"Lee Enterprises, Incorporated - Common Stock",-3,-13,-19,51,31
LEGH,Legacy Housing Corporation - Common Stock,-1,3,41,49,15
LEGN,Legend Biotech Corporation - American Depositary Shares,6,-9,6,-8,-38
LENZ,"LENZ Therapeutics, Inc. - Common Stock",-1,-34,-60,-76,-92
LESL,"Leslie's, Inc. - Common Stock",-27,-71,-88,-91,-97
LEXX,Lexaria Bioscience Corp. - Common Stock,1,-74,-80,-68,-76
LFAC,Leapfrog Acquisition Corporation - Class A Ordinary Shares,0,0,1,2,2
LFMD,"LifeMD, Inc. - Common Stock",1,-5,-19,-17,-58
LFMDP,"LifeMD, Inc. - 8.875% Series A Cumulative Perpetual Preferred Stock",0,-1,4,7,5
LFS,"LEIFRAS Co., Ltd. - American Depositary Shares",0,-7,-19,-23,-33
LFST,"LifeStance Health Group, Inc. - Common Stock",1,-6,88,73,118
LFTO,"Liftoff Mobile, Inc. - Common Stock",0,-16,-44,-44,-44
LFVN,Lifevantage Corporation - Common Stock,0,3,53,7,-31
LGCL,Lucas GC Limited - Class A Ordinary Shares,-2,-30,-99,-99,-100
LGHL,Lion Group Holding Ltd. - American Depositary Share,26,-35,-97,-99,-100
LGIH,"LGI Homes, Inc. - Common Stock",-3,-14,20,12,-12
LGN,Legence Corp. - Class A Common stock,0,2,-3,20,69
LGND,Ligand Pharmaceuticals Incorporated - Common Stock,1,8,53,64,73
LGO,Largo Inc. - Common Shares,-6,-31,-62,-53,-70
LGVN,Longeveron Inc. - Class A Common stock,-1,-59,-76,-55,-66
LHAI,Linkhome Holdings Inc. - Common stock,0,-17,-17,-88,-88
LI,Li Auto Inc. - American Depositary Shares,1,-6,-38,-34,-54
LICN,Lichen International Limited - Class A Ordinary Shares,0,-12,-77,-65,-78
LIEN,"Chicago Atlantic BDC, Inc. - Common Stock",-1,-4,8,2,4
LIF,"Life360, Inc. - Common Stock",1,-8,0,-37,-63
LIFE,Ethos Technologies Inc. - Class A Common Stock,-1,-11,175,99,99
LILA,Liberty Latin America Ltd. - Class A Common Stock,-2,-6,44,68,47
LILAK,Liberty Latin America Ltd. - Class C Common Stock,-2,-5,40,65,43
LILAP,Liberty Latin America Ltd. - 9.0% Fixed Rate Cumulative Perpetual Redeemable Series A Preference Shares,0,-1,62,62,62
LIME,"Neutron Holdings, Inc. - Common Stock",-1,-27,8,8,8
LIMN,"Liminatus Pharma, Inc. - Class A Common Stock",-5,1,-60,-88,-96
LIN,Linde plc - Ordinary Shares,0,-2,-4,12,3
LINC,Lincoln Educational Services Corporation - Common Stock,2,-14,-49,-6,-4
LIND,Lindblad Expeditions Holdings Inc.  - Common Stock,1,21,80,118,152
LINE,"Lineage, Inc. - Common Stock",-1,-10,8,1,-13
LINK,"Interlink Electronics, Inc. - Common Stock",1,5,103,48,-29
LIQT,"LiqTech International, Inc. - Common Stock",20,-7,-72,-64,-81
LITE,Lumentum Holdings Inc. - Common Stock,0,15,26,152,493
LITS,"Lite Strategy, Inc. - Common Stock",-4,27,16,-14,-48
LIVE,Live Ventures Incorporated - Common Stock,-1,-13,-40,-52,-58
LIVN,LivaNova PLC - Ordinary Shares,-1,-6,20,26,43
LKFN,Lakeland Financial Corporation - Common Stock,-1,-4,1,5,-7
LKFT,Lakefront Biotherapeutics - American Depositary Shares,0,2,1,-10,-21
LKQ,LKQ Corporation - Common Stock,-1,-10,-19,-21,-24
LKSP,Lake Superior Acquisition Corp. - Class A Ordinary Shares,0,0,2,3,3
LLYVA,"Liberty Live Holdings, Inc. - Series A Liberty Live Group Common Stock",-2,-3,-2,15,8
LLYVK,"Liberty Live Holdings, Inc. - Series C Liberty Live Group Common Stock",-2,-4,-2,16,7
LMAT,"LeMaitre Vascular, Inc. - Common Stock",0,3,-24,4,-5
LMB,"Limbach Holdings, Inc. - Common Stock",2,-1,-39,-38,-45
LNAI,Lunai Bioworks Inc. - Common Stock,-17,-37,-35,-81,-86
LNKS,Linkers Industries Limited - Class A Ordinary Shares,6,2,-58,-99,-99
LNT,Alliant Energy Corporation - Common Stock,-2,-7,-11,-1,-2
LNTH,"Lantheus Holdings, Inc. - Common Stock",0,-1,31,48,85
LNZA,"LanzaTech Global, Inc. - Common Stock",-3,-8,-68,-59,-77
LOAN,"Manhattan Bridge Capital, Inc - Common Stock",-1,-10,-17,-16,-28
LOBO,LOBO TECHNOLOGIES LTD. - Class A Ordinary Shares,-3,-6,14,-18,-31
LOCO,"El Pollo Loco Holdings, Inc. - Common Stock",-1,-4,0,39,52
LOGI,Logitech International S.A. - Registered Shares,0,1,11,2,-9
LONA,"LeonaBio, Inc. - Common Stock",2,-54,-68,-49,-14
LOOP,"Loop Industries, Inc. - Common Stock",-5,-20,-72,-59,-75
LOPE,"Grand Canyon Education, Inc. - Common Stock",3,-1,-12,-8,-30
LOT,Lotus Technology Inc. - American Depositary Shares,-2,-27,-25,-40,-60
LOVE,The Lovesac Company - Common Stock,-4,-6,1,4,-10
LPAA,Launch One Acquisition Corp. - Class A Ordinary Shares,1,1,1,2,3
LPBB,Launch Two Acquisition Corp. - Class A Ordinary Shares,0,0,2,3,4
LPCN,Lipocine Inc. - Common Stock,2,-9,13,-72,-34
LPCV,Launchpad Cadenza Acquisition Corp I - Class A Ordinary Share,0,0,2,2,2
LPLA,LPL Financial Holdings Inc. - Common Stock,-1,-15,4,-15,-2
LPTH,"LightPath Technologies, Inc. - Class A Common Stock",3,7,-10,-12,33
LQDA,Liquidia Corporation - Common Stock,-57,-56,-20,-4,35
LQDT,"Liquidity Services, Inc. - Common Stock",-1,6,36,45,56
LSAK,"Lesaka Technologies, Inc. - Common Stock",5,-6,-12,-6,2
LSBK,"Lake Shore Bancorp, Inc. - Common Stock",-1,4,19,26,43
LSCC,Lattice Semiconductor Corporation - Common Stock,0,11,29,60,73
LSE,"Leishen Energy Holding Co., Ltd. - Class A Ordinary Shares",-1,-10,-1,18,-4
LSTA,"Lisata Therapeutics, Inc. - Common Stock",-2,-12,-71,-27,-43
LTGO,"Latigo Biotherapeutics, Inc. - Common Stock",-8,-26,-8,-8,-8
LVO,"LiveOne, Inc. - Common Stock",13,-23,-47,-43,-40
LX,LexinFintech Holdings Ltd. - American Depositary Shares,-2,-15,-66,-76,-85
LXEH,"Lixiang Education Holding Co., Ltd. - American Depositary Shares",-2,4,-8,-16,-94
LXEO,"Lexeo Therapeutics, Inc. - Common Stock",-1,-30,-41,-65,-49
LYEL,"Lyell Immunopharma, Inc. - Common Stock",2,-32,-55,-66,-45
LYFT,"Lyft, Inc. - Class A Common Stock",0,-13,10,-24,-32
LYTS,LSI Industries Inc. - Common Stock,0,3,12,13,-9
LZ,"LegalZoom.com, Inc. - Common Stock",1,-12,-8,-42,-45
LZMH,LZ Technology Holdings Limited - Class B Ordinary Shares,4,-7,-97,-96,-98
MAAS,Maase Inc. - Class A Ordinary Shares,1,-2,177,181,394
MACI,Melar Acquisition Corp. I - Class A Ordinary Shares,0,1,3,4,5
MAGH,Magnitude International Ltd - Ordinary Shares,0,0,0,0,397
MAKO,Mako Mining Corp - Common Stock,-2,-9,47,62,62
MAMA,"Mama's Creations, Inc. - Common Stock",0,-19,-16,0,21
MAMK,MaxsMaking Inc. - Class A Ordinary Shares,0,0,0,0,350
MAMO,Massimo Group - Common Stock,-2,2,4,-75,-66
MANH,"Manhattan Associates, Inc. - Common Stock",-1,-11,46,19,-1
MASK,3 E Network Technology Group Ltd - Class A Ordinary Shares,-4,-36,-57,-87,-95
MASS,908 Devices Inc. - Common Stock,4,23,80,142,36
MAT,"Mattel, Inc. - Common Stock",-4,-11,-13,-37,-30
MATH,Metalpha Technology Holding Limited - Ordinary Shares,0,32,2,-52,-71
MAYS,"J. W. Mays, Inc. - Common Stock",0,-6,1,0,6
MAZE,"Maze Therapeutics, Inc. - Common Stock",1,5,-6,-32,0
MB,MasterBeef Group - Ordinary Shares,-1,-6,-32,-48,-53
MBAI,MBody AI Ltd. - Ordinary Share,-6,-46,-70,-71,-78
MBBC,"Marathon Bancorp, Inc. - Common Stock",0,-1,6,23,43
MBIN,Merchants Bancorp - Common Stock,-1,-7,10,49,54
MBINL,"Merchants Bancorp - Depositary Shares, Each Representing a 1/40th Interest in a Share of 7.625% Fixed Rate Series E Non-Cumulative Perpetual Preferred Stock, without par value",1,-6,-1,6,7
MBINM,"Merchants Bancorp - Depositary Shares, Each Representing a 1/40th Interest in a Share of 8.25% Fixed-Rate Reset Series D Non-Cumulative Perpetual Preferred Stock",-1,1,6,6,11
MBINN,Merchants Bancorp - Depositary Shares 6.00% Fixed Rate Series C Non-Cumulative Perpetual Preferred Stock,0,-3,-1,7,-4
MBIO,"Mustang Bio, Inc. - Common Stock",-4,-17,-39,-57,-71
MBLY,Mobileye Global Inc. - Class A Common Stock,-2,-11,1,-34,-50
MBNKO,"Medallion Bank - Fixed-Rate Reset Non-Cumulative Perpetual Preferred Stock, Series G, par value $1.00 per share",0,-4,1,2,5
MBOT,Microbot Medical Inc.  - Common Stock,-4,-17,-49,-43,-61
MBVI,M3-Brigade Acquisition VI Corp. - Class A Ordinary Shares,0,0,2,2,2
MBX,"MBX Biosciences, Inc. - Common Stock",2,-5,87,92,251
MCAH,Mountain Crest Acquisition 6 Corp. - Ordinary Shares,0,0,1,1,1
MCBS,"MetroCity Bankshares, Inc. - Common Stock",0,-4,17,34,29
MCFT,"MasterCraft Boat Holdings, Inc. - Common Stock",-1,-15,-2,5,-8
MCGA,Yorkville Acquisition Corp. - Class A Ordinary Share,0,0,2,2,-3
MCHB,Mechanics Bancorp - Class A Common Stock,-1,-7,5,10,23
MCHP,Microchip Technology Incorporated - Common Stock,-1,6,17,22,20
MCHPP,Microchip Technology Incorporated - Depositary Shares Each Representing a 1/20th Interest in a Share of 7.50% Series A Mandatory Convertible Preferred Stock,0,6,15,17,16
MCHX,"Marchex, Inc. - Class B Common Stock",0,-27,-19,-23,-29
MCTA,Charming Medical Limited - Class A Ordinary Shares,0,0,0,0,319
MDAI,"Spectral AI, Inc. - Class A Common Stock",5,6,0,14,-26
MDB,"MongoDB, Inc. - Class A Common Stock",3,-9,37,-13,9
MDBH,"MDB Capital Holdings, LLC - Class A common ",2,-12,-17,-25,-24
MDCX,Medicus Pharma Ltd. - Common Stock,3,-6,-67,-90,-94
MDGL,"Madrigal Pharmaceuticals, Inc. - Common Stock",-1,-7,-6,-15,14
MDIA,Mediaco Holding Inc. - Class A Common Stock,-4,-5,42,78,-17
MDLN,Medline Inc. - Class A common stock,-1,-5,-21,-15,-15
MDLZ,"Mondelez International, Inc. - Class A Common Stock",-2,-5,1,11,-4
MDXG,"MiMedx Group, Inc - Common Stock",0,5,20,-28,-35
MDXH,MDxHealth SA - Ordinary Shares,12,-19,-71,-83,-88
MEDP,"Medpace Holdings, Inc. - Common Stock",0,5,26,9,17
MEDS,"DataMeds AI, Inc. - Common Stock",-14,230,-38,-85,-91
MEGL,Magic Empire Global Limited - Class A Ordinary Shares,-5,-17,-2,-12,-33
MELI,"MercadoLibre, Inc. - Common Stock",0,-13,1,-12,-20
MENS,Jyong Biotech Ltd. - Ordinary shares,1,-10,-17,-40,-96
MEOH,Methanex Corporation - Common Stock,-1,-1,-4,45,54
MESH,Meshflow Acquisition Corp. - Class A Ordinary Shares,0,0,2,2,2
MESO,Mesoblast Limited - American Depositary Shares,-1,-15,-1,-19,-20
META,"Meta Platforms, Inc. - Class A Common Stock",-2,19,27,12,2
METC,"Ramaco Resources, Inc. - Class A Common Stock",-1,-33,-48,-56,-78
METCB,"Ramaco Resources, Inc. - Class B Common Stock",6,-30,-57,-63,-74
METCI,"Ramaco Resources, Inc. - 8.250% Senior Notes due 2030",0,-1,4,5,6
METCZ,"Ramaco Resources, Inc. - 8.375% Senior Notes due 2029",0,-1,0,-1,-2
MEVO,M Evo Global Acquisition Corp II - Class A Ordinary Shares,0,0,2,2,2
MF,MindForge Inc. - Class A Ordinary Shares,-4,53,-61,-68,-64
MFI,mF International Limited - Class A Ordinary Shares,1,4,-23,-49,-75
MFIC,MidCap Financial Investment Corporation - Closed End Fund,-1,-6,-19,-16,-16
MFICL,MidCap Financial Investment Corporation - 8.00% Notes due 2028,,0,0,0,0
MFIN,Medallion Financial Corp. - Common Stock,-1,-1,43,22,26
MFP,"Midera Food Processing, Inc. - Common Stock",0,-7,-63,-63,-63
MGEE,MGE Energy Inc. - Common Stock,0,-11,-10,-10,-14
MGIH,Millennium Group International Holdings Limited - Ordinary Shares,0,-4,4,11,-38
MGN,Megan Holdings Limited - Class A Ordinary Shares,-1,-97,-98,-100,-100
MGNI,"Magnite, Inc. - Common Stock",-2,3,108,57,24
MGNX,"MacroGenics, Inc. - Common Stock",2,-9,21,140,117
MGPI,"MGP Ingredients, Inc. - Common Stock",-1,-19,-30,-44,-45
MGTX,MeiraGTx Holdings plc - Ordinary Shares,-1,-21,16,41,30
MGX,"Metagenomi Therapeutics, Inc. - Common Stock",-6,-9,-22,-37,-60
MIAC,Meridian3 Industrials Acquisition Corp - Class A Ordinary Shares,0,0,-1,-1,-1
MIDD,The Middleby Corporation - Common Stock,-2,-8,-5,-15,-7
MIMI,Mint Incorporation Limited - Class A Ordinary Shares,3,-6,-64,-72,-99
MIND,"MIND Technology, Inc. - Common Stock",3,1,-50,-51,-47
MIST,Milestone Pharmaceuticals Inc. - Common Shares,6,-28,-43,-58,-59
MITK,"Mitek Systems, Inc. - Common Stock",3,-10,25,71,76
MKLY,McKinley Acquisition Corporation - Class A Ordinary Shares,0,0,2,3,4
MKSI,MKS Inc. - Common Stock,0,6,12,58,93
MKTX,"MarketAxess Holdings, Inc. - Common Stock",0,0,-5,-7,-2
MLAA,Mountain Lake Acquisition Corp. II - Class A Ordinary Shares,0,0,2,2,2
MLAB,"Mesa Laboratories, Inc. - Common Stock",-1,1,38,64,78
MLCI,Mount Logan Capital Inc. - Common Stock,1,5,-1,-57,-55
MLCIL,Mount Logan Capital Inc. - 8.00% Notes Due 2031,0,1,0,-4,-4
MLCO,Melco Resorts & Entertainment Limited - American Depositary Shares ,-2,-14,-21,-40,-47
MLEC,Moolec Science SA - Ordinary Shares,-2,-32,-57,18,-65
MLGO,"MicroAlgo, Inc. - Ordinary Shares",3,-19,-15,-37,-69
MLKN,"MillerKnoll, Inc. - Common Stock",-2,-12,40,11,17
MLTX,MoonLake Immunotherapeutics - Class A Ordinary Shares,2,-23,-31,-2,39
MLYS,"Mineralys Therapeutics, Inc. - Common Stock",3,-11,-11,-30,-34
MMED,"MiniMed Group, Inc. - Common Stock",-3,-18,47,5,5
MMEDV,"MiniMed Group, Inc. - Common Stock When Issued",,,,,
MMLP,Martin Midstream Partners L.P. - Common Units Representing Limited Partnership Interests,1,-6,-19,-17,-27
MMSI,"Merit Medical Systems, Inc. - Common Stock",-2,-3,27,0,2
MMTX,Miluna Acquisition Corp - Class A Ordinary Shares,0,0,2,3,3
MMYT,MakeMyTrip Limited - Ordinary Shares,0,-17,16,-42,-50
MNDO,MIND C.T.I. Ltd. - Ordinary Shares,1,4,-8,-14,-9
MNDY,monday.com Ltd. - Ordinary Shares,3,-19,16,-45,-57
MNKD,MannKind Corporation - Common Stock,17,-2,52,-30,-32
MNOV,"MediciNova, Inc. - Common Stock",-13,4,19,26,31
MNSB,"MainStreet Bancshares, Inc. - Common Stock",-1,-2,10,26,24
MNSBP,"MainStreet Bancshares, Inc. - Depositary Shares",-2,-4,0,3,4
MNST,Monster Beverage Corporation - Common Stock,0,-6,12,9,24
MNTK,"Montauk Renewables, Inc. - Common Stock",-7,21,142,63,10
MNTS,Momentus Inc. - Class A Common Stock,5,-7,10,-33,-85
MNY,MoneyHero Limited - Class A Ordinary Shares,-3,-18,-43,-44,-52
MOB,Mobilicom Limited - Ordinary Shares,-2,-9,-21,-34,-55
MOBI,"Mobia Medical, Inc. - Common Stock",5,-19,-20,-20,-20
MOBX,"Mobix Labs, Inc. - Class A Common Stock",1,-18,-76,-69,-91
MODD,"Modular Medical, Inc. - common stock",3,-42,-64,-83,-90
MOLN,Molecular Partners AG - American Depositary Shares,0,-10,-3,-7,5
MOMO,Hello Group Inc.  - American Depositary Shares,0,-5,-16,-25,-32
MOVE,"Corvex, Inc. - Common Stock",-1,-18,54,82,132
MPAA,"Motorcar Parts of America, Inc. - Common Stock",-1,-11,-1,-15,-36
MPB,Mid Penn Bancorp - Common Stock,-1,-5,9,17,26
MPLT,"MapLight Therapeutics, Inc. - Common Stock",0,-22,-55,-39,-44
MQ,"Marqeta, Inc. - Class A Common Stock",0,0,6,-8,-17
MSAI,"MultiSensor AI Holdings, Inc. - Common Stock",2,1,-52,-61,-81
MSBI,"Midland States Bancorp, Inc. - Common Stock",-1,-4,41,57,102
MSBIP,"Midland States Bancorp, Inc. - Depositary Shares Each Representing a 1/40th Interest in a Share of 7.750% Fixed-Rate Reset Non-Cumulative Perpetual Preferred Stock, Series A",-2,2,6,8,12
MSEX,Middlesex Water Company - Common Stock,0,-9,2,7,2
MSFT,Microsoft Corporation - Common Stock,1,1,38,9,0
MSGM,Motorsport Games Inc. - Class A Common Stock,7,21,25,60,81
MSGY,Masonglory Limited - Class A Ordinary Shares,27,204,59,-74,-72
MSLE,Satellos Bioscience Inc. - Common Stock,-1,-6,50,37,24
MSS,Maison Solutions Inc. - Class A Common Stock,-7,12,-77,-89,-97
MTAK,Market Technology Acquisition Corp - Class A Ordinary Shares,0,-1,-1,-1,-1
MTC,"MMTec, Inc. - Common Shares",3,30,-5,50,503
MTCH,"Match Group, Inc. - Common Stock",0,-5,26,29,19
MTEK,Maris-Tech Ltd. - ordinary shares,-9,-29,-46,-33,-63
MTEN,Mingteng International Corporation Inc. - Class A Ordinary Shares,1,-2,-16,-99,-100
MTEX,"Mannatech, Incorporated - Common Stock",-6,-2,31,-14,-20
MTLS,Materialise NV - American Depositary Shares,-2,22,72,57,39
MTSI,"MACOM Technology Solutions Holdings, Inc. - Common Stock",0,10,22,63,124
MTVA,MetaVia Inc.  - Common Stock,-5,-15,29,-84,-86
MVBF,MVB Financial Corp. - Common Stock,-1,-6,15,16,14
MVIS,"MicroVision, Inc. - Common Stock",3,-10,-84,-89,-93
MVST,"Microvast Holdings, Inc. - Common Stock",-1,-9,-60,-77,-86
MXCT,"MaxCyte, Inc. - Common Stock",-5,-11,57,-28,-35
MXL,"MaxLinear, Inc - Common Stock",-3,52,389,388,449
MYGN,"Myriad Genetics, Inc. - Common Stock",2,33,-8,-30,-47
MYPS,"PLAYSTUDIOS, Inc.  - Class A Common Stock",3,824,939,623,400
MYSE,"Myseum.AI, Inc. - Common Stock",-1,-37,17,0,-35
MYSZ,"My Size, Inc. - Common Stock",-2,-30,-68,-75,-83
MYX,Maywood Acquisition Corp. 2 - Class A Ordinary Share,0,0,1,1,1
MZTI,The Marzetti Company - Common Stock,-1,-5,-29,-38,-39
NAAS,NaaS Technology Inc. - American Depositary Shares,-1,4,29,2,-16
NAGE,"Niagen Bioscience, Inc. - Common Stock",-1,-6,-35,-53,-58
NAII,"Natural Alternatives International, Inc. - Common Stock",1,-30,-44,-58,-47
NAKA,Nakamoto Inc. - Common Stock,-3,14,8,-42,-79
NAMI,Jinxin Technology Holding Company - American Depositary Shares,-9,7,-82,-88,-90
NAMM,Namib Minerals - Ordinary Shares,-5,-33,-58,-2,-70
NAMS,NewAmsterdam Pharma Company N.V. - Ordinary Shares,2,-6,-29,-31,-21
NATH,"Nathan's Famous, Inc. - Common Stock",0,3,1,11,-6
NAVI,Navient Corporation - Common Stock,0,-3,13,-25,-27
NAVN,"Navan, Inc. - Class A Common Stock",1,-24,67,29,5
NB,NioCorp Developments Ltd. - Common Stock,3,-12,-27,-39,-55
NBBK,"NB Bancorp, Inc. - Common Stock",-1,-4,2,14,27
NBIS,Nebius Group N.V. - Class A Ordinary Shares,-1,12,110,162,84
NBIX,"Neurocrine Biosciences, Inc. - Common Stock",3,-10,7,1,4
NBN,Northeast Bank - Common Stock,-1,-6,6,20,31
NBP,NovaBridge Biosciences - American Depositary Shares,0,-24,-44,-68,-68
NBTB,NBT Bancorp Inc. - Common Stock,0,-3,17,24,25
NBTX,Nanobiotix S.A. - ADSs,-1,-22,-5,41,52
NCEL,NewcelX Ltd. - Ordinary Shares,4,-8,44,47,-85
NCI,Neo-Concept International Group Holdings Limited - Class A Ordinary Shares,0,-91,-75,-86,-92
NCMI,"National CineMedia, Inc. - Common Stock",-3,-10,-30,-41,-48
NCNA,NuCana plc - American Depositary Shares,12,-6,-20,-63,-71
NCNO,"nCino, Inc. - Common Stock",1,-23,4,-26,-31
NCO,Southern Cross Acquisition I Corp. - Ordinary Shares,0,0,1,1,1
NCPL,Netcapital Inc. - Common Stock,2,97,227,88,-51
NCT,Intercont (Cayman) Limited - Class A Ordinary shares,-17,-88,-96,-99,-100
NCTY,The9 Limited - American Depository Shares,-2,-31,-38,-47,-68
NDAQ,"Nasdaq, Inc. - Common Stock",0,-6,5,-4,6
NDLS,Noodles & Company - Class A Common Stock,-4,-8,60,124,159
NDSN,Nordson Corporation - Common Stock,-1,4,25,37,42
NECB,"NorthEast Community Bancorp, Inc. - Common Stock",-1,-3,9,17,32
NEGG,"Newegg Commerce, Inc. - Common Shares",0,-20,-66,-75,-72
NEO,"NeoGenomics, Inc. - Common Stock",-2,5,129,56,102
NEOG,Neogen Corporation - Common Stock,1,10,34,83,111
NEON,Neonode Inc. - Common Stock,-1,-1,-36,-51,-76
NEOV,NeoVolta Inc. - Common Stock,2,-32,-18,-21,-47
NEPH,"Nephros, Inc. - Common Stock",-5,-11,30,-22,-22
NEXM,NexMetals Mining Corp. - Common Stock,-2,-19,-26,-53,-66
NEXN,Nexxen International Ltd. - Ordinary Shares,1,-6,32,42,5
NEXT,NextDecade Corporation - Common Stock,0,-14,-24,18,-10
NFE,New Fortress Energy Inc. - Class A Common Stock,3,2147,945,465,155
NFEGP,New Fortress Energy Inc. - Series A Mandatorily Convertible Preferred Stock,3,611,611,611,611
NFLX,"Netflix, Inc. - Common Stock",-1,-16,-30,-24,-40
NGEN,NervGen Pharma Corp. - Common stock,-1,-18,-56,-68,-37
NGNE,Neurogene Inc. - Common Stock,-2,-26,36,38,25
NHIV,NewHold Investment Corp IV - Class A Ordinary Shares,0,0,0,0,0
NHP,"National Healthcare Properties, Inc. - Class A Common Stock",-1,0,34,34,34
NHPBP,"National Healthcare Properties, Inc. - 7.125% Series B Cumulative Redeemable Perpetual Preferred Stock",0,0,36,48,54
NHTC,Natural Health Trends Corp. - Common Stock,0,-36,-63,-65,-73
NICE,NICE Ltd - American Depositary Shares each representing one Ordinary Share,4,3,-2,-1,-19
NICM,Nicola Mining Inc. - American Depositary Shares,-1,-18,-21,-21,-21
NIKI,"Niki BioSolutions, Inc. - Common Stock",3,-25,-45,-54,-78
NIPG,NIP Group Inc. - American Depositary Shares,3,-21,-47,-67,-78
NIVF,NewGenIvf Group Limited - Class A Ordinary Shares,133,-86,-99,-100,-100
NIXX,"Nixxy, Inc. - Common Stock",2,-49,-57,-69,-80
NKSH,"National Bankshares, Inc. - Common Stock",-1,0,17,30,51
NKTX,"Nkarta, Inc. - Common Stock",0,-6,11,40,23
NMAD,"Nomad Power Solutions, Inc. - Common Stock",5,7,36,2,-26
NMFC,New Mountain Finance Corporation - Common Stock,-1,-4,-8,-16,-14
NMFCZ,New Mountain Finance Corporation - 8.250% Notes due 2028,0,0,4,6,8
NMIH,NMI Holdings Inc - Common Stock,-8,-18,-2,-8,2
NMP,NMP Acquisition Corp. - Class A Ordinary Shares,0,0,2,4,5
NMTC,NeuroOne Medical Technologies Corporation - Common Stock,-6,-38,-79,-80,-82
NN,NextNav Inc. - Common stock,4,-9,-13,-11,0
NNDM,Nano Dimension Ltd. - American Depositary Shares,-1,-2,-9,1,-2
NNE,Nano Nuclear Energy Inc. - common stock,0,-10,-26,-43,-64
NNNN,Anbio Biotechnology - Class A Ordinary Shares,2,-5,-76,-79,-80
NNOX,NANO-X IMAGING LTD - Ordinary Shares,6,-3,-71,-75,-82
NODK,"NI Holdings, Inc. - Common Stock",0,-3,18,12,12
NOEM,CO2 Energy Transition Corp. - Common Stock,0,-1,2,3,4
NOMA,NOMADAR Corp. - Class A Common Stock,2,-18,-62,-61,-85
NOVT,Novanta Inc. - Common Shares,1,-3,22,28,36
NPAC,New Providence Acquisition Corp. III - Ordinary Shares,0,0,2,2,3
NPCE,"Neuropace, Inc. - Common Stock",-1,-7,-6,-9,26
NPT,Texxon Holding Limited - Ordinary shares,1,-8,-71,-48,-45
NSAI,NorthStrive Acquisition Corp I. - Class A Ordinary Shares,0,0,0,0,0
NSIT,"Insight Enterprises, Inc. - Common Stock",0,-2,127,86,40
NSSC,"NAPCO Security Technologies, Inc. - Common Stock",0,-3,-11,-13,-15
NSTS,"NSTS Bancorp, Inc. - Common Stock",1,2,21,12,25
NSYS,Nortech Systems Incorporated - Common Stock,0,-1,-15,51,25
NTAP,"NetApp, Inc. - Common Stock",0,13,109,99,79
NTCL,NETCLASS TECHNOLOGY INC - Class A Ordinary Shares,-2,8,-94,-93,-97
NTCT,"NetScout Systems, Inc. - Common Stock",3,7,24,50,51
NTES,"NetEase, Inc. - American Depositary Shares, each representing 5 ordinary shares",-1,4,9,-16,-18
NTHI,"NeOnc Technologies Holdings, Inc. - Common Stock",3,-29,-41,-62,-70
NTIC,Northern Technologies International Corporation - Common Stock,0,-3,-4,-4,4
NTLA,"Intellia Therapeutics, Inc. - Common Stock",0,-5,-9,31,-40
NTNX,"Nutanix, Inc. - Class A Common Stock",0,3,78,39,-8
NTSK,"Netskope, Inc. - Class A Common Stock",1,22,84,3,-25
NVAX,"Novavax, Inc. - Common Stock",0,5,36,52,14
NVCT,"Nuvectis Pharma, Inc. - Common Stock",3,-13,176,148,252
NVDA,NVIDIA Corporation - Common Stock,1,0,29,21,22
NVEC,NVE Corporation - Common Stock,-1,12,60,85,69
NVMI,Nova Ltd. - Ordinary Shares,0,9,-14,11,20
NVNI,Nvni Group Limited - Ordinary Shares,1,-5,-16,-66,-71
NVNO,enVVeno Medical Corporation - Common Stock,-10,-30,-26,-36,-77
NVTS,Navitas Semiconductor Corporation - Common Stock,-1,5,31,39,48
NVX,NOVONIX Limited - American Depository Shares,-2,-8,-62,-76,-84
NXAT,Nexus Advanced Technologies Inc. - Ordinary Shares,-8,-31,-94,-93,-99
NXGL,"NexGel, Inc - Common Stock",-2,-49,-73,-90,-93
NXH,"Neighborhood Intelligence, Inc.  - Common Stock",-2,-24,-37,-50,-76
NXL,"Nexalin Technology, Inc. - Common Stock",-2,-20,-60,-76,-84
NXPI,NXP Semiconductors N.V. - Common Stock,0,6,21,9,6
NXPL,NextPlat Corp - Common Stock,-4,-7,77,50,3
NXST,"Nexstar Media Group, Inc. - Common Stock",0,-9,-11,-20,-17
NXT,Nextpower Inc. - Common Stock,-2,-7,-28,-16,1
NXTC,"NextCure, Inc. - Common Stock",3,-36,-55,-62,-14
NXTS,Nexentis Technologies Inc. - Common Stock,-1,-17,-67,-88,-95
NXTT,Next Technology Holding Inc. - Ordinary Shares,2,-12,-97,-99,-100
NXXT,"NextNRG, Inc. - Common Stock",-2,290,109,-37,-58
NYAX,Nayax Ltd. - Ordinary Shares,7,-9,-19,-8,1
NYXH,Nyxoah SA - Ordinary Shares,1,-22,-61,-69,-72
OABI,"OmniAb, Inc. - Common Stock",5,4,222,164,204
OACC,Oaktree Acquisition Corp. III Life Sciences - Class A Ordinary Share,0,0,2,2,2
OBA,Oxley Bridge Acquisition Limited - Class A Ordinary Shares,0,0,2,3,4
OBAI,"Our Bond, Inc. - Common Stock",8,-24,-81,-99,-99
OBIO,"Orchestra BioMed Holdings, Inc. - Ordinary Shares",2,31,47,44,130
OBT,"Orange County Bancorp, Inc. - Common Stock",-1,-3,12,32,52
OBX,"Obsidian Therapeutics, Inc. - Common Stock",-6,-20,-22,-22,-22
OCC,Optical Cable Corporation - Common Stock,4,26,76,263,92
OCCI,"OFS Credit Company, Inc. - Closed End Fund",-2,-13,-15,-45,-48
OCCIM,"OFS Credit Company, Inc. - 7.875% Series F Term Preferred Stock",0,-1,3,5,7
OCCIN,"OFS Credit Company, Inc. - 5.25% Series E Term Preferred Stock Due 2026",0,1,4,6,8
OCFC,OceanFirst Financial Corp. - Common Stock,-1,-14,-8,-4,-3
OCG,Oriental Culture Holding LTD - Ordinary Shares,8,-5,-18,-98,-100
OCGN,"Ocugen, Inc. - Common Stock",-6,-24,-42,-25,-42
OCLT,OceanLight Acquisition Corporation - Ordinary Shares,0,0,0,0,0
OCS,Oculis Holding AG - Ordinary shares,2,-23,-65,-53,-47
OCSL,Oaktree Specialty Lending Corporation - Closed End Fund,-2,-7,8,3,4
OCTV,Octave Intelligence plc - Class B Ordinary Shares,1,-5,-14,-14,-14
ODD,ODDITY Tech Ltd. - Class A Ordinary Shares,4,32,23,-53,-69
ODFL,"Old Dominion Freight Line, Inc. - Common Stock",-2,-6,-14,10,24
ODTX,"Odyssey Therapeutics, Inc. - Common Stock",-1,-16,35,35,35
ODYS,Odysight.ai Inc. - Common Stock,1,-16,-58,-11,-33
OESX,"Orion Energy Systems, Inc. - Common Stock",0,32,207,104,269
OFAL,OFA Group - Class A Ordinary Shares,-5,-27,-91,-93,-96
OFIX,Orthofix Medical Inc.  - Common Stock,-3,1,-20,-37,-36
OFLX,"Omega Flex, Inc. - Common Stock",1,-2,-19,-10,-14
OFS,OFS Capital Corporation - Closed End Fund,1,-4,11,-12,-43
OFSSH,OFS Capital Corporation - 4.95% Notes due 2028,0,0,2,4,7
OFSSO,OFS Capital Corporation - 7.50% Notes due 2028,0,3,6,7,10
OGI,Organigram Global Inc. - Common Shares,-7,-15,-28,-42,-47
OHAC,Oceanhawk Acquisition Corp. - Class A Ordinary Shares,0,0,1,1,1
OIG,Orion180 Insurance Group Inc. - Class A Common Stock,1,-17,-17,-17,-17
OIM,OneIM Acquisition Corp. - Class A Ordinary Shares,0,0,1,1,1
OIO,OIO Group - Ordinary Shares,-1,4,-81,-85,-85
OKTA,"Okta, Inc. - Class A Common Stock",2,23,160,150,124
OKYO,OKYO Pharma Limited - Ordinary Shares,-5,-17,-18,-42,-37
OLB,"The OLB Group, Inc. - Common Stock",2,-29,-58,-70,-85
OLED,Universal Display Corporation - Common Stock,1,-6,-14,-36,-45
OLLI,"Ollie's Bargain Outlet Holdings, Inc. - Common Stock",-1,16,-12,-23,-35
OLMA,"Olema Pharmaceuticals, Inc. - Common Stock",1,-19,-43,-66,-22
OLOX,Olenox Industries Inc. - Common Stock,-2,-7,-88,-96,-98
OM,"Outset Medical, Inc. - Common Stock",-1,-16,-26,-19,-79
OMAB,Grupo Aeroportuario del Centro Norte S.A.B. de C.V. - American Depositary Shares each representing 8 Series B shares,-2,-3,-13,-9,1
OMCL,"Omnicell, Inc. - Common Stock",-1,-2,0,-25,10
OMDA,"Omada Health, Inc. - Common Stock",7,-7,65,40,-5
OMEX,"Odyssey Marine Exploration, Inc. - Common Stock",0,-19,-26,-69,-66
OMH,Ohmyhome Limited - Class A Ordinary Shares,1,-16,-96,-94,-96
OMSE,OMS Energy Technologies Inc. - Ordinary Shares,3,-5,3,2,39
ON,ON Semiconductor Corporation - Common Stock,1,4,21,36,56
ONB,Old National Bancorp - Common Stock,-1,-5,11,11,14
ONBPO,"Old National Bancorp - Depositary Shares, Each Representing a 1/40th Interest in a Share of Series C Preferred Stock",0,-1,3,4,6
ONBPP,"Old National Bancorp - Depositary Shares, Each Representing a 1/40th Interest in a Share of Series A Preferred Stock",-1,-1,3,4,5
ONC,BeOne Medicines Ltd. - American Depositary Shares,0,1,21,18,6
ONCH,1RT Acquisition Corp. - Class A Ordinary Share,0,0,2,1,-1
ONCO,"Onconetix, Inc.  - Common Stock",-5,6,-95,-99,-99
ONCY,Oncolytics Biotech Inc. - Common Stock,0,-22,-29,-32,-51
ONDS,Ondas Inc - Common Stock,-2,-4,-23,-33,-26
ONEG,OneConstruction Group Limited - Ordinary Shares,0,-2,-59,-31,-92
ONEN,ONE Nuclear Energy Inc. - Common Stock,-18,-74,-79,-79,-79
ONFO,Onfolio Holdings Inc. - Common Stock,-5,-17,-97,-97,-98
ONMD,OneMedNet Corp - Class A Common Stock,-5,-6,-42,-55,-47
OPAD,Offerpad Solutions Inc.  - Class A Common Stock,0,-24,360,145,-19
OPAL,OPAL Fuels Inc. - Class A Common Stock,-1,-12,-29,-26,-23
OPBK,OP Bancorp - Common Stock,-1,-2,12,10,13
OPCH,"Option Care Health, Inc. - Common Stock",-1,-8,-19,-30,-18
OPEN,Opendoor Technologies Inc  - Common Stock,0,-24,-49,-61,-71
OPENL,"Opendoor Technologies Inc  - Series A Warrants, each whole warrant exercisable to purchase one share of Common Stock at an exercise price of $13.00 per warrant",5,-32,-68,-86,-88
OPENZ,"Opendoor Technologies Inc  - Series Z Warrants, each whole warrant exercisable to purchase one share of Common Stock at an exercise price of $17.00 per warrant",-2,-29,-66,-82,-80
OPI,Office Properties Income Trust - Common shares of beneficial interest,-4,-13,-55,-55,-55
OPK,"Opko Health, Inc. - Common Stock",-1,0,36,27,3
OPTH,Optimi Health Corp. - Common Shares,-1,0,-23,-23,-23
OPTX,"Syntec Optics Holdings, Inc. - Class A Common Stock",11,6,-9,164,432
OPXS,"Optex Systems Holdings, Inc. - Common Stock",2,3,-17,-18,-16
OSBC,"Old Second Bancorp, Inc. - Common Stock",-1,-5,19,27,44
OSIS,"OSI Systems, Inc. - Common Stock",1,-6,-29,-24,-23
OSPN,OneSpan Inc. - Common Stock,1,7,68,50,18
OSS,"One Stop Systems, Inc. - Common Stock",1,-11,13,28,55
OST,"Ostin Technology Group Co., Ltd. - Class A Ordinary Shares",0,0,0,0,0
OTEX,Open Text Corporation - Common Shares,0,-9,1,-27,-38
OTGA,OTG Acquisition Corp. I - Class A Ordinary Share,0,0,2,3,2
OTLK,"Outlook Therapeutics, Inc. - Common Stock",-8,-12,186,-13,-46
OTLY,Oatly Group AB - American Depositary Shares,-4,-24,3,-2,-28
OVBC,Ohio Valley Banc Corp. - Common Stock,-1,-5,0,14,25
OVID,Ovid Therapeutics Inc. - Common Stock,-2,-10,8,41,35
OVLY,Oak Valley Bancorp (CA) - Common Stock,1,-2,3,17,26
OXLC,Oxford Lane Capital Corp. - Closed End Fund,0,-5,4,-24,-27
OXLCG,Oxford Lane Capital Corp. - 7.95% Notes due 2032,0,1,4,4,7
OXLCI,Oxford Lane Capital Corp. - 8.75% Notes due 2030,0,0,4,5,7
OXLCL,Oxford Lane Capital Corp. - 6.75% Notes due 2031,0,-1,4,4,7
OXLCM,"Oxford Lane Capital Corp. - Preferred Stock Shares, 8.25% Series 2031",0,1,6,7,7
OXLCN,Oxford Lane Capital Corp. - 7.125% Series 2029 Term Preferred Stock,0,0,4,6,7
OXLCO,"Oxford Lane Capital Corp. - Preferred Stock Shares, 6.00% Series 2029",0,-1,4,5,8
OXLCZ,Oxford Lane Capital Corp. - 5.00% Notes due 2027,0,1,4,6,8
OXSQ,Oxford Square Capital Corp. - Closed End Fund,0,-3,-20,-11,0
OXSQG,Oxford Square Capital Corp. - 5.50% Notes due 2028,0,1,5,6,8
OXSQH,Oxford Square Capital Corp. - 7.75% Notes due 2030,-1,0,4,4,6
OYSE,Oyster Enterprises II Acquisition Corp - Class A Ordinary Shares,0,0,2,3,4
OZK,Bank OZK - Common Stock,-1,-8,0,1,-7
OZKAP,Bank OZK - 4.625% Series A Non-Cumulative Perpetual Preferred Stock,-1,-7,-7,-8,-12
PAA,"Plains All American Pipeline, L.P. - Common Units representing Limited Partner Interests",-1,-7,13,38,53
PAAC,Proem Acquisition Corp I - Ordinary Shares,0,0,1,1,1
PACB,"Pacific Biosciences of California, Inc. - Common Stock",30,82,67,29,59
PACH,Pioneer Acquisition I Corp - Class A Ordinary Shares,0,0,2,3,4
PAGP,"Plains GP Holdings, L.P. - Class A Shares representing limited partner interests",-1,-6,12,41,54
PAHC,Phibro Animal Health Corporation - Class A Common Stock,1,-7,-34,-3,-6
PAL,"Proficient Auto Logistics, Inc. - Common Stock",-3,-30,-49,-64,-43
PALI,"Palisade Bio, Inc. - Common Stock",-7,-34,-30,-46,-16
PALO,Paloma Acquisition Corp I - Class A Ordinary Shares,0,0,1,1,1
PAMT,PAMT CORP - Common Stock,4,-6,34,-1,5
PANL,Pangaea Logistics Solutions Ltd. - Common Stock,0,-3,14,23,63
PASG,"Passage Bio, Inc. - Common Stock",-3,-5,-49,-62,-43
PATK,"Patrick Industries, Inc. - Common Stock",-2,-17,-40,-38,-33
PAVM,PAVmed Inc. - Common Stock,-3,-28,-63,-50,-72
PAVS,Paranovus Entertainment Technology Ltd. - Class A Ordinary Shares,1,-19,-98,-100,-100
PAX,Patria Investments Limited - Class A Common Shares,1,-10,-17,-34,-25
PAYO,Payoneer Global Inc. - Common Stock,0,-1,45,31,16
PAYP,PayPay Corporation - American Depository Shares,-1,-7,-17,-14,-14
PAYS,"Paysign, Inc. - Common Stock",5,4,128,172,113
PAYX,"Paychex, Inc. - Common Stock",-1,-21,10,-6,-17
PBAM,"Private Bancorp of America, Inc. - Common Stock",1,-4,25,50,43
PBFS,"Pioneer Bancorp, Inc. - Common Stock",-1,-1,29,33,35
PBHC,"Pathfinder Bancorp, Inc. - Common Stock",-2,8,32,22,13
PBK,PowerBank Corporation - Common Stock,11,-28,-53,-85,-82
PBLS,"Parabilis Medicines, Inc. - Common Stock",1,-21,2,2,2
PBM,Psyence Biomedical Ltd. - Common Shares,1,23,116,-83,-96
PBYI,Puma Biotechnology Inc - Common Stock,2,6,44,72,94
PC,Premium Catering (Holdings) Limited - Ordinary Shares,0,0,0,0,-15
PCAP,ProCap Acquisition Corp - Class A Ordinary Shares,0,0,2,3,1
PCB,PCB Bancorp - Common Stock,-1,-2,21,30,37
PCLA,PicoCELA Inc. - American Depositary Shares,2,4,169,-27,-52
PCSA,"Processa Pharmaceuticals, Inc. - Common Stock",-7,-20,-41,-44,-69
PCT,"PureCycle Technologies, Inc. - Common stock",0,-30,-19,-51,-68
PCTY,Paylocity Holding Corporation - Common Stock,0,-8,33,-2,-8
PCVX,"Vaxcyte, Inc. - Common Stock",0,-7,-5,22,33
PCYO,Pure Cycle Corporation - Common Stock,0,-1,7,2,-1
PDC,Perpetuals.com Ltd - American Depositary Shares,1,23,-31,-49,25
PDD,PDD Holdings Inc. - American Depositary Shares,1,-5,-23,-33,-42
PDEX,"Pro-Dex, Inc. - Common Stock",-1,12,42,83,103
PDFS,"PDF Solutions, Inc. - Common Stock",3,17,50,73,96
PDLB,"Ponce Financial Group, Inc. - Common Stock",0,-3,17,24,37
PDSB,PDS Biotechnology Corporation - Common Stock,1,241,-4,-10,-26
PDYN,Palladyne AI Corp. - Common stock,-1,-9,-21,9,-48
PEBK,"Peoples Bancorp of North Carolina, Inc. - Common Stock",1,0,8,23,46
PEBO,Peoples Bancorp Inc. - Common Stock,-6,-8,11,26,28
PECE,Peace Acquisition Corp - Ordinary Shares,0,0,1,1,1
PECO,"Phillips Edison & Company, Inc. - Common Stock",-1,-4,2,9,15
PEGA,Pegasystems Inc. - Common Stock,1,-12,-21,-40,-40
PENG,"Penguin Solutions, Inc. - Common Stock",-2,12,170,170,97
PENN,"PENN Entertainment, Inc. - Common Stock",0,-15,0,-1,-23
PEP,"PepsiCo, Inc. - Common Stock",-2,-9,-17,-8,-7
PEPG,PepGen Inc. - Common Stock,3,-24,33,-66,-53
PESI,"Perma-Fix Environmental Services, Inc. - Common Stock",2,-15,36,28,56
PETS,"PetMed Express, Inc. - Common Stock",-1,-25,-41,-58,-47
PETZ,"TDH Holdings, Inc. - Common Shares",-4,-14,7,39,14
PFAI,Pinnacle Food Group Limited - Class A Common Shares,0,-8,-23,28,42
PFBC,Preferred Bank - Common Stock,-1,0,16,12,20
PFG,Principal Financial Group Inc - Common Stock,-2,-6,25,28,37
PFIS,Peoples Financial Services Corp.  - Common Stock,-2,-5,25,44,47
PFSA,"Profusa, Inc. - Common Stock",-13,-24,-99,-100,-100
PFX,PhenixFIN Corporation  - Common Stock,-4,-5,8,-2,-8
PFXNZ,PhenixFIN Corporation  - 5.25% Notes due 2028,0,0,4,6,7
PGAC,Pantages Capital Acquisition Corporation - Class A Ordinary Shares,0,0,3,4,5
PGC,Peapack-Gladstone Financial Corporation - Common Stock,0,-5,19,58,59
PGEN,"Precigen, Inc. - Common Stock",6,20,104,100,163
PGNY,"Progyny, Inc. - Common Stock",2,-5,50,-2,22
PGY,Pagaya Technologies Ltd. - Class A Ordinary Shares,0,-24,43,-22,-41
PHAT,"Phathom Pharmaceuticals, Inc. - Common Stock",-1,-19,-35,-54,-40
PHIO,Phio Pharmaceuticals Corp. - Common Stock,0,-7,-18,-6,-57
PHOE,Phoenix Asia Holdings Limited - Ordinary Shares,0,-9,22,13,55
PHOS,First Phosphate Corp. - American Depositary Shares,2,0,31,31,31
PHVS,Pharvaris N.V. - Ordinary Shares,0,-11,12,20,36
PI,"Impinj, Inc. - Common Stock",2,2,76,0,-3
PICS,PicS N.V. - Class A Common Shares,4,-28,-24,-55,-55
PIII,P3 Health Partners Inc. - Class A Common Stock,3,-26,168,93,-22
PKBK,"Parke Bancorp, Inc. - Common Stock",-2,-4,15,36,58
PKOH,Park-Ohio Holdings Corp. - Common Stock,-2,3,94,125,125
PLAB,"Photronics, Inc. - Common Stock",-1,9,-24,-8,26
PLAY,"Dave & Buster's Entertainment, Inc. - Common Stock",-2,-26,-47,-63,-66
PLBC,Plumas Bancorp - Common Stock,1,-2,25,43,49
PLBL,Polibeli Group Ltd - Class A Ordinary Shares,-4,4,-37,-49,-35
PLBY,"Playboy, Inc. - Common Stock",0,-13,-34,-44,-30
PLCE,"Children's Place, Inc. (The) - Common Stock",1,-24,-39,-48,-70
PLCI,Pelican Acquisition II Corporation - Ordinary Shares,0,0,0,0,0
PLMK,Plum Acquisition Corp. IV - Class A Ordinary Shares,0,1,2,3,4
PLPC,Preformed Line Products Company - Common Stock,-1,4,39,93,104
PLSE,"Pulse Biosciences, Inc - Common Stock",-2,-9,118,273,159
PLSM,Pulsenmore Ltd. - Ordinary Shares,1,-11,-37,-70,-70
PLTK,Playtika Holding Corp. - Common Stock,0,-4,-33,-46,-42
PLXS,Plexus Corp. - Common Stock,-2,8,27,71,80
PLYX,"Polaryx Therapeutics, Inc. - Common Stock",0,4,-64,-94,-94
PMA,PMA Graphene Technology Group Inc. - Class A Ordinary Shares,-4,2,42,30,-51
PMAX,Powell Max Limited - Class A Ordinary Shares,-7,-5,-78,-96,-96
PMCB,"PharmaCyte  Biotech, Inc. - Common Stock",-2,-16,-42,-44,-61
PMEC,Primech Holdings Ltd. - Ordinary Shares,4,17,-24,-51,-70
PMN,ProMIS Neurosciences Inc. - Common Shares,2,-16,-1,52,-13
PMTS,CPI Card Group Inc. - Common Stock,-1,-14,48,72,61
PMVP,"PMV Pharmaceuticals, Inc. - Common Stock",17,35,28,36,16
PN,PN Smart Energy Limited - Class A Ordinary Shares,-4,16,-49,-81,-81
PNBK,Patriot National Bancorp Inc. - Common Stock,-3,-18,-29,-45,-31
PNTG,"The Pennant Group, Inc. - Common Stock",-4,1,30,40,51
POCI,"Precision Optics Corporation, Inc. - Common stock",-3,-5,4,-2,-5
PODC,"PodcastOne, Inc. - Common Stock",13,-16,8,-2,41
PODD,Insulet Corporation - Common Stock,-2,-13,-36,-54,-58
POET,POET Technologies Inc. - Common Shares,-2,2,23,4,20
POLA,"Polar Power, Inc. - Common Stock",-2,-13,-32,-32,-71
POLE,Andretti Acquisition Corp. II - Class A Ordinary Shares,0,0,1,2,3
POM,POMDOCTOR LIMITED - American Depositary Shares,1,7,-79,-84,-99
PONO,"Pono Capital Four, Inc. - Class A Ordinary Shares",0,0,2,2,2
PONY,Pony AI Inc. - American Depositary Shares,0,-9,-27,-59,-72
POOL,Pool Corporation - Common Stock,0,-12,-20,-28,-46
PPBT,Purple Biotech Ltd. - American Depositary Shares,0,-23,-63,-77,-74
PPC,Pilgrim's Pride Corporation - Common Stock,-1,-11,-27,-32,-34
PPCB,"Propanc Biopharma, Inc. - Common Stock",-4,-52,-82,-97,-99
PPHC,"Public Policy Holding Company, Inc. - Common Stock",-1,-8,-23,-7,-7
PPIH,"Perma-Pipe International Holdings, Inc. - Common Stock",-1,12,1,1,37
PPLI,People Incorporated - Common Stock,3,8,5,7,21
PPSI,"Pioneer Power Solutions, Inc. - Common Stock",3,12,2,-28,-21
PPTA,Perpetua Resources Corp. - Common Shares,0,-14,-26,-12,-1
PSEC,Prospect Capital Corporation - Closed End Fund,-2,-3,-13,-8,-9
PSHG,Performance Shipping Inc. - Common Shares,-1,3,-12,-20,-7
PSIG,PS International Group Ltd. - Ordinary Shares,0,147,-29,0,16
PSIX,"Power Solutions International, Inc. - Common Stock",-2,26,-29,-25,-50
PSKY,Paramount Skydance Corporation - Class B Common Stock,3,-6,6,-20,-45
PSMT,"PriceSmart, Inc. - Common Stock",-1,-3,10,38,38
PSNL,"Personalis, Inc. - Common Stock",0,-3,147,107,122
PSNY,Polestar Automotive Holding UK Limited - Class A ADS,-2,-25,-67,-67,-77
PSQL,Pasqal Holding SA - Ordinary Shares,4,-35,-37,-36,-36
PTAC,Patriot Acquisition Corp. - Class A Ordinary Shares,0,0,-1,-1,-1
PTC,PTC Inc. - Common Stock,2,-7,-3,-18,-31
PTCT,"PTC Therapeutics, Inc. - Common Stock",0,-9,-6,-16,-1
PTEN,"Patterson-UTI Energy, Inc. - Common Stock",4,-13,5,74,105
PTGX,"Protagonist Therapeutics, Inc. - Common Stock",0,-5,37,62,117
PTLE,PTL LTD - Class A Ordinary Shares,3,-5,-1,-14,-57
PTLO,Portillo's Inc. - Class A Common Stock,-1,-20,-37,-23,-48
PTN,"Palatin Technologies, Inc. - Common Stock",-3,-32,-51,-45,13
PTON,"Peloton Interactive, Inc. - Common Stock",-1,-7,7,-18,-42
PVLA,"Palvella Therapeutics, Inc. - Common Stock",-1,-11,15,38,110
PXS,Pyxis Tankers Inc. - Common Stock,11,15,67,160,148
PYPD,PolyPid Ltd. - Ordinary Shares,0,0,24,21,51
PYPL,"PayPal Holdings, Inc. - Common Stock",-3,-7,16,-9,-23
PYXS,"Pyxis Oncology, Inc. - Common Stock",-20,-35,61,103,-9
PZZA,"Papa John's International, Inc. - Common Stock",-3,-13,-43,-50,-57
QBTS,D-Wave Quantum Inc. - Common Stock,1,-1,17,-41,-49
QCLS,"Q/C Technologies, Inc. - Common Stock",-5,-55,-76,-80,-85
QCOM,QUALCOMM Incorporated - Common Stock,0,9,48,8,11
QDEL,QuidelOrtho Corporation - Common Stock,-1,-24,-34,-63,-65
QETA,Quetta Acquisition Corporation - Common Stock,0,0,3,4,5
QFIN,"Qfin Holdings, Inc.  - American Depositary Shares",-1,-19,-43,-61,-75
QH,Quhuo Limited - Class A Ordinary Shares,0,-6,6627,233,-62
QLYS,"Qualys, Inc. - Common Stock",5,7,107,43,43
QMCO,Quantum Corporation - Common Stock,-3,31,416,353,170
QMLS,"QumulusAI, Inc. - Common Stock",-1,12,-70,-70,-70
QNBC,QNB Corp. - Common Stock,0,1,12,33,33
QNCX,"Quince Therapeutics, Inc. - Common Stock",-1,2,76,-95,-91
QNME,"Quanome Technologies, Inc. - Common Stock",-9,64,-18,-40,-59
QNST,"QuinStreet, Inc. - Common Stock",4,-20,24,7,-2
QNT,Quantinuum Inc. - Class A Common Stock,-1,-1,-20,-20,-20
QNTM,Quantum Biopharma Ltd. - Class B Subordinate Voting Shares,-6,22,1,-49,-80
QQQX,Nuveen NASDAQ 100 Dynamic Overwrite Fund - Closed End Fund,1,3,17,16,23
QS,QuantumScape Corporation - Common Stock,1,-15,-27,-58,-71
QSEA,Quartzsea Acquisition Corporation - Ordinary Shares,0,1,3,5,6
QSI,Quantum-Si Incorporated - Class A Common Stock,12,41,47,-8,-38
QTEX,QTREX Quantum Ltd. - Ordinary Shares,0,-17,66,-26,-43
QTI,"QT Imaging Holdings, Inc. - Common Stock",-1,-7,-61,-57,-93
QTTB,Q32 Bio Inc. - Common Stock,-13,-35,47,140,300
QVCG,"QVC Group, Inc. - Common Stock",-4,-16,-29,-29,-29
QXL,Quantum X Labs Inc. - Common Stock,3,2,136,187,40
SAAQ,Space Asset Acquisition Corp. - Class A Ordinary Shares,0,-1,0,1,1
SABS,"SAB Biotherapeutics, Inc. - Common Stock",-2,-15,-18,-16,54
SAFT,"Safety Insurance Group, Inc. - Common Stock",0,0,44,42,53
SAFX,"XCF Global, Inc. - Class A Common Stock",-4,-10,-14,27,-72
SAGT,SAGTEC GLOBAL LIMITED - Class A Ordinary shares,-7,-7,-73,-70,-72
SAIA,"Saia, Inc. - Common Stock",-1,-3,-10,-1,12
SAIC,Science Applications International Corporation - Common Stock,-1,1,29,27,27
SAIH,SAIHEAT Limited - Class A Ordinary Shares,-7,14,224,193,176
SAIL,"SailPoint, Inc. - Common Stock",-1,5,55,7,-13
SAMG,Silvercrest Asset Management Group Inc. - Common Stock,0,8,-17,-28,-26
SANA,"Sana Biotechnology, Inc. - Common Stock",0,-26,-9,-30,-26
SANG,Sangoma Technologies Corporation - Common Shares,0,31,30,-1,-7
SANM,Sanmina Corporation - Common Stock,-4,10,66,35,88
SATA,"Strive, Inc. - Variable Rate Series A Perpetual Preferred Stock",0,1,9,17,28
SATL,Satellogic Inc. - Class A Common Stock,-1,19,-22,182,58
SBAC,SBA Communications Corporation - Class A Common Stock,-2,-16,-24,-15,-15
SBC,SBC Medical Group Holdings Incorporated - Common Stock,2,15,9,14,17
SBCF,Seacoast Banking Corporation of Florida - Common Stock,-2,-7,5,3,5
SBET,"Sharplink, Inc. - Common Stock",-2,3,45,-4,-49
SBFG,"SB Financial Group, Inc. - Common Stock",3,1,44,40,58
SBFM,Sunshine Biopharma Inc. - Common stock,-2,-30,-93,-94,-95
SBGI,"Sinclair, Inc. - Class A Common Stock",-1,-9,-1,-12,-6
SBLK,Star Bulk Carriers Corp. - Common Shares,1,-8,28,62,71
SCAG,Scage Future - American Depositary Shares,1,-21,-79,-89,-91
SCHL,Scholastic Corporation - Common Stock,1,-8,-9,19,25
SCII,SC II Acquisition Corp. - Class A ordinary share,0,0,2,3,3
SCKT,"Socket Mobile, Inc. - Common Stock",0,-29,-55,-57,-56
SCLX,Scilex Holding Company - Common Stock,1,-16,0,-45,-55
SCNI,Scinai Immunotherapeutics Ltd. - American Depositary Shares,1,-27,-77,-81,-89
SCNX,"Scienture Holdings, Inc. - Common Stock",-3,-30,-20,-50,-70
SCPQ,Social Commerce Partners Corporation - Class A Ordinary Shares,0,1,2,2,2
SCSC,"ScanSource, Inc. - Common Stock",2,2,59,50,33
SCTX,Scribe Therapeutics Inc. - Common Stock,-20,-40,-3,-3,-3
SCYX,"SCYNEXIS, Inc. - Common Stock",6,-8,-33,-3,-23
SCZM,Santacruz Silver Mining Ltd. - Common Shares,-2,-15,8,-6,18
SDA,SunCar Technology Group Inc. - Ordinary Shares,-2,-25,-74,-78,-81
SDHI,Siddhi Acquisition Corp - Class A Common stock,0,0,2,3,4
SDOT,Sadot Group Inc. - Common Stock,6,-19,-66,-69,-91
SDST,Stardust Power Inc. - Common Stock,2,-44,-96,-97,-97
SEAT,Vivid Seats Inc. - Class A common stock,0,-35,-44,-45,-74
SEDG,"SolarEdge Technologies, Inc. - Common Stock",1,-6,-29,2,-12
SEED,Origin Agritech Limited - Ordinary Shares,-15,-22,-35,-32,-45
SEGG,Sports Entertainment Gaming Global Corporation  - Common Stock,-5,-11,-44,-52,-92
SEIC,SEI Investments Company - Common Stock,-1,-8,36,24,21
SELF,"Global Self Storage, Inc. - Common Stock",1,-6,-5,1,3
SENEA,Seneca Foods Corp. - Class A Common Stock,-2,-13,15,64,60
SENEB,Seneca Foods Corp. - Class B Common Stock,0,-14,21,64,62
SENS,"Senseonics Holdings, Inc. - Common Stock",1,3,52,73,10
SEPN,"Septerna, Inc. - Common Stock",0,6,58,40,89
SEV,Aptera Motors Corp. - Class B Common Stock,5,-12,-25,-54,-74
SEVN,Seven Hills Realty Trust  - Common Stock,-5,-8,-10,-15,-24
SEZL,Sezzle Inc. - Common Stock,0,-12,57,66,26
SFBC,"Sound Financial Bancorp, Inc. - Common Stock",0,-6,5,4,-2
SFD,"Smithfield Foods, Inc. - Common Stock",-2,-15,-33,-12,-16
SFHG,Samfine Creation Holdings Group Limited - Class A Ordinary Share,-4,6,-15,-41,-35
SFIX,"Stitch Fix, Inc. - Class A Common Stock",1,-17,-20,-50,-40
SFM,"Sprouts Farmers Market, Inc. - Common Stock",3,-16,-14,-18,-37
SFNC,Simmons First National Corporation - Common Stock,0,-1,16,24,21
SFST,"Southern First Bancshares, Inc. - Common Stock",0,-6,6,15,35
SGA,"Saga Communications, Inc. - Class A Common Stock",0,-9,-24,-23,-30
SGC,"Superior Group of Companies, Inc. - Common Stock",-1,1,25,36,28
SGHT,"Sight Sciences, Inc. - Common Stock",0,12,164,25,184
SGLD,Scorpio Gold Corporation - Common Stock,-1,-38,-30,-30,-30
SGLY,Singularity Future Technology Ltd. - Common Stock,-3,-48,-86,-91,-95
SGML,Sigma Lithium Corporation - common shares,-3,-26,-35,-34,26
SGMT,Sagimet Biosciences Inc. - Series A Common Stock,6,-10,92,65,36
SGP,"SpyGlass Pharma, Inc. - Common Stock",2,-10,15,-2,-2
SHAZ,"SharonAI Holdings, Inc. - Class A Common Stock",1,-1,106,72,72
SHBI,"Shore Bancshares, Inc. - Common Stock",0,-4,18,31,41
SHC,Sotera Health Company - Common Stock,-1,-3,24,5,16
SHEN,Shenandoah Telecommunications Co - Common Stock,-1,-11,-24,-1,-18
SHFS,"SHF Holdings, Inc. - Class A Common Stock",-12,-31,-86,-90,-98
SHIM,Shimmick Corporation - Common Stock,-5,-19,-22,-3,5
SHIP,Seanergy Maritime Holdings Corp. - Common Stock,0,-10,22,89,111
SHLS,"Shoals Technologies Group, Inc. - Class A Common Stock",4,15,23,-11,-5
SHMD,SCHMID Group N.V. - Class A Ordinary Shares,8,57,-6,-35,60
SHOE,"Shoe Station Group, Inc. - Common Stock",-2,-6,-19,-25,-40
SHOO,"Steven Madden, Ltd. - Common Stock",-1,6,28,8,33
SHOP,Shopify Inc. - Class A Subordinate Voting Shares,0,2,25,-6,-8
SHOT,RMG ML Sports Holdings - Class A Ordinary Shares,0,0,0,0,0
SHPH,"Shuttle Pharmaceuticals Holdings, Inc. - common stock",3,16,-46,-78,-91
SIBN,"SI-BONE, Inc. - Common Stock",-2,1,42,-5,30
SIEB,Siebert Financial Corp. - Common Stock,0,-12,20,-40,-27
SIFY,Sify Technologies Limited - American Depository Shares,0,-8,-1,8,1
SIGA,SIGA Technologies Inc. - Common Stock,-1,5,-26,-39,-57
SIGI,"Selective Insurance Group, Inc. - Common Stock",-1,-10,9,2,2
SIGIP,"Selective Insurance Group, Inc. - Depositary Shares, each representing a 1/1,000th interest in a share of 4.60% Non-Cumulative Preferred Stock, Series B",0,-3,-3,-6,-13
SILC,Silicom Ltd - Ordinary Shares,2,31,134,268,200
SILO,"Silo Pharma, Inc. - Common Stock",-6,-38,-72,-70,-86
SIMA,SIM Acquisition Corp. I - Class A Ordinary Shares,0,-2,2,3,4
SIMO,"Silicon Motion Technology Corporation - American Depositary Shares, each representing four ordinary shares",1,19,141,201,187
SINT,"SiNtx Technologies, Inc. - Common Stock",10,45,-12,-41,-43
SION,"Sionna Therapeutics, Inc. - Common Stock",2,-22,-86,-87,-82
SITM,SiTime Corporation - Common Stock,0,14,79,76,112
SJ,Scienjoy Holding Corporation - Class A Ordinary Shares,5,-18,-42,0,19
SKHY,SK hynix Inc. - American Depositary Shares,-1,13,10,10,10
SKIN,SkinHealth Systems Inc. - Class A Common Stock,1,-10,-29,-55,-62
SKK,SKK Holdings Limited - Class A Ordinary Shares,0,-3,75,56,13
SKYA,"SkyAI, Inc. - Common Stock",7,36,31,-13,-71
SKYE,"Skye Bioscience, Inc. - Common Stock",1,-10,-72,-77,-96
SKYQ,Sky Quarry Inc. - Common Stock,0,-8,-50,-28,-50
SKYX,SKYX Platforms Corp. - Common Stock,2,-11,1,-52,2
SLAB,"Silicon Laboratories, Inc. - Common Stock",0,0,6,68,65
SLBT,SL Science Holding Limited - Ordinary Shares,-7,-46,-72,-84,-84
SLDB,Solid Biosciences Inc. - Common Stock,1,-31,-7,33,23
SLDE,"Slide Insurance Holdings, Inc. - Common Stock",-1,-10,24,21,42
SLDP,"Solid Power, Inc. - Class A Common Stock",5,-4,-18,-49,-45
SLE,"Super League Enterprise, Inc. - Common Stock",-2,57,51,-32,-88
SLGB,Smart Logistics Global Limited - Class A Ordinary Shares,-1,-36,-71,-80,-95
SLGL,Sol-Gel Technologies Ltd. - Ordinary Shares,3,6,0,76,113
SLM,SLM Corporation - Common Stock,-1,-14,3,-16,-16
SLMBP,"SLM Corporation - Floating Rate Non-Cumulative Preferred Stock, Series B",0,0,3,6,6
SLMT,Brera Holdings PLC - Class B Ordinary Shares,-2,11,-49,-78,-98
SLN,Silence Therapeutics Plc - American Depository Share,1,-26,88,78,119
SLNG,"Stabilis Solutions, Inc. - Common Stock",-1,-18,38,7,1
SLNH,"Soluna Holdings, Inc. - Common Stock",-3,-5,61,-19,-49
SLNHP,"Soluna Holdings, Inc. - 9.0% Series A Cumulative Perpetual Preferred Stock",1,3,61,37,67
SLP,"Simulations Plus, Inc. - Common Stock",0,0,48,2,15
SLS,"SELLAS Life Sciences Group, Inc.  - Common Stock",7,-10,172,183,558
SLSN,"Solesence, Inc. - Common stock",0,-5,-42,-45,-80
SLXN,Silexion Therapeutics Corp - Ordinary Shares,-13,-21,-98,-99,-99
SMBC,"Southern Missouri Bancorp, Inc. - Common Stock",0,-3,10,22,40
SMCI,"Super Micro Computer, Inc. - Common Stock",0,8,86,33,-21
SMCIP,"Super Micro Computer, Inc. - Depositary Shares Each Representing a 1/20th Interest in a Share of 7% Series A Mandatory Convertible Preferred Stock",2,9,33,33,33
SMID,Smith-Midland Corporation - Common Stock,-3,-13,-19,-39,-37
SMMT,Summit Therapeutics Inc.  - Common Stock,3,-1,-10,-3,-21
SMPL,The Simply Good Foods Company - Common Stock,-1,-17,-33,-51,-62
SMSI,"Smith Micro Software, Inc. - Common Stock",0,-7,-27,-3,-31
SMTC,Semtech Corporation - Common Stock,-1,32,116,137,148
SMTI,Sanara MedTech Inc. - Common Stock,0,1,104,52,13
SMTK,"SmartKem, Inc. - Common Stock",1,-32,-88,-97,-99
SMX,SMX (Security Matters) Public Limited Company - Ordinary Shares,-9,-61,-78,-97,-96
SMXT,Solarmax Technology Inc. - Common Stock,12,-10,-70,-76,-80
SNAL,"Snail, Inc. - Class A Common Stock",-1,-12,-9,-45,-59
SND,"Smart Sand, Inc. - Common Stock",1,-4,6,32,154
SNDK,Sandisk Corporation - Common Stock When-Issued,1,12,140,532,1255
SNDL,SNDL Inc. - Common Shares,-5,-9,-4,-26,-50
SNDX,"Syndax Pharmaceuticals, Inc. - Common Stock",3,-9,-23,-12,21
SNES,"SenesTech, Inc. - Common Stock",4,-35,-58,-69,-82
SNEX,StoneX Group Inc. - Common Stock,-1,-7,13,49,44
SNFCA,Security National Financial Corporation - Class A Common Stock,-1,-2,-5,5,6
SNGX,"Soligenix, Inc. - Common Stock",-3,-5,-68,-75,-74
SNOA,"Sonoma Pharmaceuticals, Inc. - Common Stock",2,-3,-45,-65,-68
SNPS,"Synopsys, Inc. - Common Stock",5,4,10,-9,-7
SNT,Senstar Technologies Corporation - Common Shares,1,-6,-44,-64,-65
SNTG,Sentage Holdings Inc. - Class A Ordinary Shares,-4,-3,-16,-16,-48
SNTI,"Senti Biosciences Holdings, Inc. - Common Stock",1,-9,-66,-72,-80
SNY,Sanofi - American Depositary Shares,1,-7,-9,-10,-15
SOCA,Solarius Capital Acquisition Corp. - Class A Ordinary Share,0,0,2,3,4
SOFI,"SoFi Technologies, Inc.  - Common Stock",-1,-15,-3,-43,-38
SOGP,Sound Group Inc. - American Depositary Shares,-5,-7,-34,3,-39
SOLS,Solstice Advanced Materials Inc. - Common Stock,1,-8,-28,15,17
SONM,"DNA X, Inc. - Common Stock",9,42,30,59,-63
SONO,"Sonos, Inc. - Common Stock",0,11,32,2,5
SOPH,SOPHiA GENETICS SA - Ordinary Shares,1,1,69,79,90
SOTK,Sono-Tek Corporation - Common Stock,18,18,49,44,31
SPAI,Safe Pro Group Inc. - Common Stock,2,-9,11,10,-39
SPCB,"SuperCom, Ltd. - Ordinary Shares",3,-6,16,2,-18
SPCX,Space Exploration Technologies Corp. - Class A Common Stock,1,1,-6,-6,-6
SPEG,Silver Pegasus Acquisition Corp - Class A Ordinary Shares,0,1,3,4,4
SPFI,"South Plains Financial, Inc. - Common Stock",0,-8,-1,10,9
SPHL,Springview Holdings Ltd - Ordinary shares,0,-3,-4,21,-47
SPKL,Spark I Acquisition Corp. - Class A Ordinary Share,-1,-1,1,0,-4
SPOK,"Spok Holdings, Inc. - Common Stock",1,-2,0,-12,-27
SPPL,SIMPPLE LTD. - Ordinary Shares,0,9,7,-50,-64
SPSC,"SPS Commerce, Inc. - Common Stock",0,-2,42,-6,-22
SPT,"Sprout Social, Inc - Class A Common Stock",4,-14,69,-6,-22
SPTX,"Seaport Therapeutics, Inc. - Common Stock",8,-17,2,2,2
SQFT,"Presidio Property Trust, Inc. - Class A Common Stock",-7,-11,-46,-65,-78
SQFTP,"Presidio Property Trust, Inc. - 9.375% Series D Cumulative Redeemable Perpetual Preferred Stock, $0.01 par value per share",-2,-9,0,-54,-56
SSAC,SPACSphere Acquisition Corp. - Class A Ordinary Shares,0,0,2,3,3
SSBI,Summit State Bank - Common Stock,-1,-3,-8,3,3
SSEA,Starry Sea Acquisition Corp - Ordinary Shares,0,0,2,3,4
SSII,SS Innovations International Inc. - Common Stock,3,-12,-38,-47,-59
SSM,Sono Group N.V. - Ordinary Shares,-1,-68,-82,-85,-87
SSNC,"SS&C Technologies Holdings, Inc. - Common Stock",-1,-9,13,-9,-11
SSP,E.W. Scripps Company (The) - Class A Common Stock,0,-22,-33,-34,39
SSTI,"SoundThinking, Inc. - Common Stock",1,37,23,7,-31
SSYS,"Stratasys, Ltd. - Common Stock",-2,7,3,-8,-29
STAA,STAAR Surgical Company - Common Stock,1,-4,8,-4,-17
STAK,STAK Inc. - Class A Ordinary Shares,-2,-11,-8,176,15
STBA,"S&T Bancorp, Inc. - Common Stock",-1,-3,14,26,34
STEP,StepStone Group Inc. - Class A Common Stock,1,-15,-5,-33,-33
STEX,Streamex Corp. - Common Stock,-5,-7,-43,-79,-88
STFS,Star Fashion Culture Holdings Limited - Class A Ordinary Shares,-1,-15,-10,-10,-61
STHO,Star Holdings - Shares of Beneficial Interest,0,-12,6,6,5
STI,"Solidion Technology, Inc. - Common Stock",-3,-14,12,-19,33
STIM,"Neuronetics, Inc. - Common Stock",-1,-14,33,62,-18
STKE,Sol Strategies Inc. - Common Shares,2,26,77,-8,-62
STKH,Steakholder Foods Ltd. - American Depositary Shares,8,-35,-66,-78,-88
STKS,"The ONE Group Hospitality, Inc. - Common Stock",-4,-2,-8,-13,-35
STLD,"Steel Dynamics, Inc. - Common Stock",0,-10,26,27,54
STLN,"Starling Oncology, Inc. - Common Stock",-3,6,97,72,74
STNE,StoneCo Ltd. - Class A Common Share,1,-9,-21,-23,-37
STOK,"Stoke Therapeutics, Inc. - Common Stock",0,-13,-21,-16,2
STTK,"Shattuck Labs, Inc. - Common Stock",4,-2,1,84,190
STX,Seagate Technology Holdings PLC - Ordinary Shares (Ireland),1,16,104,222,267
SVA,"Sinovac Biotech, Ltd. - Ordinary Shares (Antigua/Barbudo)",,,,,
SVAQ,Silicon Valley Acquisition Corp. - Class A Ordinary Shares,0,1,2,2,2
SVC,Service Properties Trust - Common Shares of Beneficial Interest,1,-15,0,-31,-50
SVCC,Stellar V Capital Corp. - Class A Ordinary Shares,0,0,2,3,4
SVCO,"Silvaco Group, Inc. - Common Stock",4,37,22,112,51
SVIA,"Silvia, Inc. - Common Stock",1,47,104,9,-62
SVIV,Spring Valley Acquisition Corp. IV - Class A Ordinary Shares,0,-1,2,1,1
SXTC,"China SXT Pharmaceuticals, Inc. - Class A Ordinary Shares",7,37,-98,-100,-100
SXTP,"60 Degrees Pharmaceuticals, Inc. - Common Stock",6,43,-25,-36,-77
SY,So-Young International Inc. - American Depository Shares,-1,-5,-5,0,-30
SYBT,"Stock Yards Bancorp, Inc. - Common Stock",0,-4,15,20,13
SYM,Symbotic Inc. - Class A Common Stock,1,1,-21,-35,-33
SYNA,Synaptics Incorporated - Common Stock,1,4,35,34,47
SZZL,Sizzle Acquisition Corp. II - Class A ordinary shares,0,0,2,3,4
TACH,Titan Acquisition Corp. - Class A Ordinary Shares,0,0,2,3,4
TACO,Berto Acquisition Corp. - Ordinary Shares,0,0,2,3,1
TACT,TransAct Technologies Incorporated - Common Stock,5,-6,49,25,-4
TANH,Tantech Holdings Ltd. - Class A Common Shares,3,-22,-21,-70,-83
TAOP,Taoping Inc. - Ordinary Shares,-11,-49,-68,-71,-86
TAOX,Tao Synergies Inc. - Common Stock,5,12,-24,2,-29
TASK,"TaskUs, Inc. - Class A Common Stock",-5,-3,17,5,-30
TATT,TAT Technologies Ltd. - Ordinary Shares,-1,-10,-12,-26,-17
TAVI,Tavia Acquisition Corp. - Ordinary Shares,0,0,2,3,4
TAYD,"Taylor Devices, Inc. - Common Stock",-3,1,21,-5,44
TBBK,"The Bancorp, Inc. - Common Stock",-1,-29,-14,-29,-37
TBCH,Turtle Beach Corporation - Common Stock,0,2,24,-9,-18
TBLA,Taboola.com Ltd. - Ordinary Shares,-1,-13,2,-24,2
TBLD,Thornburg Income Builder Opportunities Trust - Closed End Fund,-1,-9,-3,4,6
TC,Token Cat Limited - American Depositary Shares,-1,-11,-84,-78,-87
TCBI,"Texas Capital Bancshares, Inc. - Common Stock",0,-5,-4,2,10
TCBIO,"Texas Capital Bancshares, Inc. - Depositary Shares 5.75% Fixed Rate Non-Cumulative Perpetual Preferred Stock Series B",2,-5,-11,-3,-7
TCBK,TriCo Bancshares - Common Stock,-1,-5,6,11,20
TCBS,"Texas Community Bancshares, Inc. - Common Stock",0,-1,-1,-3,9
TCGX,TCGX Acquisition Corp. - Class A Ordinary Shares,-6,-12,25,25,25
TCMD,"Tactile Systems Technology, Inc. - Common Stock",-1,1,-9,-19,47
TCOM,Trip.com Group Limited - American Depositary Shares,1,-6,-22,-48,-47
TCPC,BlackRock TCP Capital Corp. - Closed End Fund,-2,3,17,-17,-21
TCX,Tucows Inc. - Common Stock,-2,-12,-47,-57,-48
TDAC,Translational Development Acquisition Corp. - Ordinary Shares,0,0,2,3,5
TDIC,Dreamland Limited - Class A Ordinary Shares,6,1,-85,-91,-100
TDTH,Trident Digital Tech Holdings Ltd - Class B Ordinary Shares,-10,-44,-80,-90,-96
TEAD,Teads Holding Co. - Common Stock,-1,-3,-28,-23,-69
TEAM,Atlassian Corporation  - Class A Common Stock,2,-8,163,16,19
TECH,Bio-Techne Corp - Common Stock,0,0,35,22,16
TECX,"Tectonic Therapeutic, Inc. - Common Stock",0,-22,-22,11,53
TELA,"TELA Bio, Inc. - Common stock",-7,47,83,1,-26
TELO,"Telomir Pharmaceuticals, Inc. - Common Stock",3,3,-8,-10,-14
TEM,"Tempus AI, Inc. - Class A Common Stock",-1,27,73,31,-11
TENB,"Tenable Holdings, Inc. - Common Stock",4,6,97,60,23
TENX,"Tenax Therapeutics, Inc. - Common Stock",3,6,-87,-83,-75
TFSL,TFS Financial Corporation - Common Stock,-1,-6,18,26,31
TGHL,The GrowHub Limited - Class A Ordinary Shares,-3,-13,174,119,-54
TGL,Treasure Global Inc. - Common Stock,0,-43,-64,-80,-94
TGTX,"TG Therapeutics, Inc. - Common Stock",-1,-2,66,91,52
TH,Target Hospitality Corp. - Common Stock,2,6,45,143,149
THCH,TH International Limited - Ordinary shares,0,-6,-41,-48,-50
THEO,BOA Acquisition Corp. II - Class A Ordinary Shares,0,0,1,1,1
THFF,First Financial Corporation  - Common Stock,0,-6,16,26,39
THH,TryHard Holdings Limited - Ordinary Shares,-1,-11,-59,-99,-98
TIGO,Millicom International Cellular S.A. - Common Stock,-5,-9,12,62,98
TIL,"Instil Bio, Inc. - Common Stock",1,-5,-14,-36,-60
TILE,"Interface, Inc. - Common Stock",-2,-5,39,21,25
TIPT,Tiptree Inc. - Common Stock,-1,-9,3,-5,-5
TITN,Titan Machinery Inc. - Common Stock,-2,1,32,54,39
TJGC,TJGC Group Limited - Class A Ordinary Shares,-13,206,1181,980,462
TKLF,"Tokyo Lifestyle Co., Ltd. - American Depositary Shares",-4,-13,-35,-50,-59
TKNO,"Alpha Teknova, Inc. - Common Stock",-2,23,185,128,58
TLAC,Three Lions Acquisition Corp. - Ordinary Shares,0,-1,-1,-1,-1
TLF,"Tandy Leather Factory, Inc. - common stock",-1,-5,6,22,9
TLIH,Ten-League International Holdings Limited - Ordinary Shares,0,0,144,48,2
TLN,Talen Energy Corporation - Common Stock,-1,2,-4,-21,-29
TLNC,Talon Capital Corp. - Class A Ordinary Shares,0,0,0,1,3
TLPH,"Talphera, Inc. - Common Stock",-1,-3,59,0,22
TLS,Telos Corporation - Common Stock,1,-16,-6,-18,-40
TLSA,Tiziana Life Sciences Ltd - Common Shares,17,14,-13,-31,-44
TLSI,"TriSalus Life Sciences, Inc. - Common Stock",1,-13,6,-29,-7
TLX,Telix Pharmaceuticals Limited - American Depositary Shares,-3,-7,21,44,7
TMC,TMC the metals company Inc. - Common Stock,3,-13,-16,-43,-48
TMCI,"Treace Medical Concepts, Inc. - Common Stock",-4,-9,208,78,-30
TMDX,"TransMedics Group, Inc. - Common Stock",-1,-4,-20,-32,-28
TMS,Teamshares Inc. - Common Stock,9,28,-24,-23,-22
TMTS,Spartacus Acquisition Corp. II - Class A Ordinary Shares,0,0,1,1,1
TNDM,"Tandem Diabetes Care, Inc. - Common Stock",-2,-20,-15,-24,11
TNGX,"Tango Therapeutics, Inc. - Common Stock",2,10,23,179,222
TNMG,TNL Mediagene - Ordinary Shares,-3,796,110,45,-29
TNON,"Tenon Medical, Inc. - Common Stock",50,8,-84,-88,-90
TNXP,Tonix Pharmaceuticals Holding Corp. - Common Stock,1,-27,-28,-41,-59
TNYA,"Tenaya Therapeutics, Inc. - Common Stock",2,-13,-8,-18,-63
TOMZ,"TOMI Environmental Solutions, Inc. - Common Stock",-9,-23,-22,-46,-58
TONX,TON Strategy Company - Common Stock,-4,11,66,57,-45
TOP,TOP Financial Group Limited - Class A Ordinary Shares,0,-1,269,197,131
TOYO,"TOYO Co., Ltd - Ordinary Shares",2,-1,-57,-27,-29
TPCS,TechPrecision Corporation - Common stock,0,-6,69,6,-6
TPG,TPG Inc. - Class A Common Stock,1,-17,19,-30,-21
TPGXL,TPG Inc. - 6.950% Fixed-Rate Junior Subordinated Notes due 2064,3,-4,-14,-13,-14
TPST,"Tempest Therapeutics, Inc. - Common Stock",3,-21,-48,-72,-92
TSAT,Telesat Corporation - Class A Common Shares and Class B Variable Voting Shares,1,5,8,58,55
TSBK,"Timberland Bancorp, Inc. - Common Stock",-1,-3,9,29,41
TSCO,Tractor Supply Company - Common Stock,-1,-10,-30,-37,-43
TSEM,Tower Semiconductor Ltd. - Ordinary Shares,-3,10,20,87,213
TSHA,"Taysha Gene Therapies, Inc. - Common Stock",-2,-13,5,-7,2
TSLA,"Tesla, Inc.  - Common Stock",1,-6,1,-19,-17
TSSI,"TSS, Inc. - Common Stock",-1,20,-25,27,-46
TTAN,"ServiceTitan, Inc. - Class A Common Stock",4,-29,4,-35,-35
TTD,"The Trade Desk, Inc. - Class A Common Stock",1,-19,-45,-68,-76
TTEC,"TTEC Holdings, Inc. - Common Stock",5,-6,-46,-64,-64
TTEK,"Tetra Tech, Inc. - Common Stock",-2,-9,6,-1,-2
TTGT,"TechTarget, Inc. - Common Stock",-1,-2,-19,-28,-35
TTMI,"TTM Technologies, Inc. - Common Stock",0,6,28,74,108
TVA,Texas Ventures Acquisition III Corp - Class A Ordinary Share,0,0,2,-1,-2
TVAI,Thayer Ventures Acquisition Corporation II - Class A Ordinary Shares,0,0,2,3,4
TVGN,Tevogen Inc. - Common Stock,-2,-8,33,-64,-80
TVIV,Texas Ventures Acquisition IV Corp - Class A Ordinary Shares,0,0,1,1,1
TVTX,"Travere Therapeutics, Inc. - Common Stock",-2,-12,85,49,139
TXG,"10x Genomics, Inc. - Common Stock",0,43,313,444,609
TXMD,"TherapeuticsMD, Inc. - Common Stock",0,-9,-8,23,90
TXN,Texas Instruments Incorporated - Common Stock,-1,10,42,60,59
TYGO,"Tigo Energy, Inc. - Common Stock",8,-14,-75,-40,-62
TZOO,Travelzoo - Common Stock,0,-11,-8,-21,-45
VABK,Virginia National Bankshares Corporation - Common Stock,-1,1,26,23,30
VAI,Valor Energy Incorporated - Common Stock,2,3,70,97,-6
VALN,Valneva SE - American Depositary Shares,1,-12,4,-31,-46
VANI,"Vivani Medical, Inc.  - Common Stock",1,-11,12,-2,-11
VBIO,"Valion Bio, Inc. - Common stock",-1,0,-88,-92,-96
VBNK,VersaBank - Common Shares,0,8,52,49,80
VC,Visteon Corporation - Common Stock,0,-15,-4,-10,-27
VCEL,Vericel Corporation - Common Stock,-1,-1,18,13,24
VCIG,VCI Global Limited - Ordinary Share,-3,-16,-92,-100,-100
VCYT,"Veracyte, Inc. - Common Stock",0,3,42,9,28
VECO,Veeco Instruments Inc. - Common Stock,1,22,48,70,64
VEEA,Veea Inc. - Common Stock,-13,24,-82,-82,-87
VEEE,Twin Vee PowerCats Co. - Common Stock,-9,30,41,-81,-88
VELO,"Velo3D, Inc. - Common stock",1,-6,8,-34,205
VEON,VEON Ltd. - American Depositary Shares,0,12,52,40,42
VFF,"Village Farms International, Inc. - Common Shares",-6,1,7,-21,2
VFS,VinFast Auto Ltd. - Ordinary Shares,-1,1,-28,-8,-5
VGAS,"Verde Clean Fuels, Inc. - Class A Common Stock",-5,-19,-29,-46,-66
VHC,VirnetX Holding Corp - Common Stock,-1,-11,-30,-41,-38
VHCP,Vine Hill Capital Investment Corp. II - Class A Ordinary Shares,0,0,2,1,1
VIAV,Viavi Solutions Inc. - Common Stock,0,25,17,131,230
VINP,Vinci Compass Investments Ltd. - Class A Common Shares,0,-5,-8,-24,-7
VIOT,"Viomi Technology Co., Ltd - American Depositary Shares",16,25,65,-1,-48
VIP,Vulcan Infrastructure and Power Inc. - Class A Common Stock,0,-13,47,-1,-16
VISN,"Vistance Networks, Inc.  - Common Stock",1,-6,15,18,38
VITL,"Vital Farms, Inc. - Common Stock",-1,-8,-29,-69,-78
VIVK,"Vivakor, Inc. - Common Stock",-2,-46,-99,-99,-100
VIVO,VivoPower PLC - Class A Ordinary Shares,0,-6,73,51,-32
VIVS,"VivoSim Labs, Inc. - Common Stock",5,-25,-88,-89,-94
VKTX,"Viking Therapeutics, Inc. - Common Stock",2,-4,-4,-8,10
VLGEA,"Village Super Market, Inc. - Class A Common Stock",0,4,6,32,25
VLOS,Velos Acquisition I Corp. - Class A Ordinary shares,0,0,0,1,1
VLY,Valley National Bancorp - Common Stock,-1,-8,2,11,23
VLYPN,"Valley National Bancorp - 8.250% Fixed-Rate Reset Non-Cumulative Perpetual Preferred Stock, Series C",1,-1,2,1,4
VLYPO,Valley National Bancorp - 5.5% Fixed to Floating Rate Series B Non-Cumulative Perpetual Preferred Stock,0,1,4,5,7
VLYPP,Valley National Bancorp - 6.25% Fixed-to-Floating Rate Series A Non-Cumulative Perpetual Preferred Stock,0,1,4,5,6
VMD,"Viemed Healthcare, Inc. - Common Shares",-1,1,-7,26,31
VMET,Versamet Royalties Corporation - Common Stock,-3,-14,-17,-12,-12
VNCE,Vince Holding Corp. - Common Stock,-1,60,334,140,222
VNDA,Vanda Pharmaceuticals Inc. - Common Stock,-2,-8,-30,-40,-10
VNET,"VNET Group, Inc. - American Depositary Shares",-3,-10,-31,-39,-48
VNME,Vendome Acquisition Corporation I - Class A Ordinary Shares,0,0,2,3,4
VNOM,"Viper Energy, Inc.  - Class A Common Stock",0,-11,-11,7,8
VOD,Vodafone Group Plc - American Depositary Shares each representing ten Ordinary Shares,-1,-3,9,23,48
VOGX,Vogenx Inc - Common Stock,-6,-29,75,75,75
VS,Versus Systems Inc. - Common Stock,3,-11,-7,-14,-50
VSA,VisionSys AI Inc. - American Depositary Shares,-1,-32,-70,-91,-100
VSAT,"ViaSat, Inc. - Common Stock",2,-2,35,87,120
VSEC,VSE Corporation - Common Stock,-4,-19,-14,-9,0
VSME,VS Media Holdings Limited - Class A Ordinary Shares,0,-10,-1,-51,-98
VSNT,"Versant Media Group, Inc. - Class A Common Stock",-1,-23,-15,-31,-29
VSTM,"Verastem, Inc. - Common Stock",2,1,47,11,-7
VTGN,"Vistagen Therapeutics, Inc. - Common Stock",3,24,-43,-54,-92
VTIX,Virtuix Holdings Inc. - Class A Common Stock,2,-6,-79,-95,-95
VTSI,"VirTra, Inc. - Common Stock",0,-11,-26,-38,-51
VTVT,vTv Therapeutics Inc. - Class A Common Stock,3,-8,-22,-22,28
VVOS,"Vivos Therapeutics, Inc. - Common Stock",-2,-15,-89,-94,-95
XBIO,"Xenetic Biosciences, Inc. - Common Stock",3,-50,-26,8,-29
XBIT,XBiotech Inc. - Common Stock,0,0,-6,-8,-17
XBP,"XBP Global Holdings, Inc. - Common Stock",2,1,-12,-55,-58
XCBE,X3 Acquisition Corp. Ltd. - Class A Ordinary Shares,0,0,2,1,1
XCH,XCHG Limited - ADS,-3,-5,-86,-86,-88
XE,"X-Energy, Inc. - Class A Common Stock",-1,-21,-51,-51,-51
XEL,Xcel Energy Inc. - Common Stock,0,-7,-11,-3,-9
XELB,"Xcel Brands, Inc - Common Stock",-2,-19,-55,-36,-71
XELLL,"Xcel Energy Inc. - 6.25% Junior Subordinated Notes, Series due 2085",1,-5,-12,-11,-11
XENE,Xenon Pharmaceuticals Inc. - Common Shares,0,-38,-35,-16,-6
XGN,Exagen Inc. - Common Stock,-2,8,164,35,-26
XHG,XChange TEC.INC - American Depositary Shares,-3,-44,112,111,49
XHLD,"TEN Holdings, Inc. - Common Stock",-13,-93,-51,-48,-89
XIII,Churchill Capital Corp XIII - Class A Ordinary Shares,0,-5,-5,-5,-5
XLAB,Exascale Labs Holdings Inc. - Class A Common Stock,-11,-61,-82,-82,-81
XLO,"Xilio Therapeutics, Inc. - Common Stock",1,0,7,-4,-21
XMAX,"XMAX, Inc. - Common Stock",0,0,19,44,61
XNET,Xunlei Limited - American Depositary Shares,1,-1,-17,-33,-51
XOS,"Xos, Inc. - Common Stock",13,7,87,61,11
XP,XP Inc. - Class A Common Stock,4,5,12,31,24
XPEL,"XPEL, Inc. - Common Stock",0,-13,-2,-12,31
XPON,"Expion Energy, Inc. - Common Stock",-2,-28,-41,-54,-78
XSLL,Xsolla SPAC 1 - Class A Ordinary Shares,0,0,2,2,2
XTIA,"XTI Aerospace, Inc. Common Stock  - Common Stock",0,-19,-61,-43,-45
XTLB,XTL Biopharmaceuticals Ltd. - American Depositary Shares,4,-8,-8,-4,-51
XXII,"22nd Century Group, Inc - Common Stock",5,-63,-98,-100,-100
YAAS,Youxin Technology Ltd - Class A Ordinary shares,1,-33,24,-28,-54
YB,Yuanbao Inc. - American Depositary Shares,3,-9,-30,-33,-30
YDDL,One and One Green Technologies. INC - Class A Ordinary Shares,0,-16,-91,-74,-74
YDES,YD Bio Limited - Ordinary Shares,-2,102,4,-38,-60
YDKG,Yueda Digital Holding - Class A Ordinary Share,-1,11,8,-4,-100
YHC,LQR House Inc. - Common Stock,-2,-14,-99,-99,-98
YHGJ,Yunhong Green CTI Ltd. - Common Stock,0,-6,-6,-27,-54
YHNA,YHN Acquisition I Limited - Ordinary Shares,0,1,4,6,7
YI,"111, Inc. - American Depositary Shares",-2,3,-47,24,-24
YIBO,Planet Image International Limited - Class A Ordinary Shares,-2,-11,15,13,-17
YICC,Yorkville International Capital Corp. - Class A Ordinary Shares,0,0,0,0,0
YJ,Yunji Inc. - American Depository Shares,0,-18,16,46,-13
YMAT,"J-Star Holding Co., Ltd. - Class A Ordinary Shares",-6,-23,-12,-38,-77
YMT,Yimutian Inc. - American Depositary Shares; each representing 25 Class A ordinary shares,-30,-34,-97,-100,-100
YQ,17 Education & Technology Group Inc. - American Depositary Shares,-2,27,97,3,-28
YSXT,"YSX Tech. Co., Ltd  - Class A Ordinary Shares",3,-4,7,5,-47
YXT,YXT.COM GROUP HOLDING LIMITED - American Depository Shares,-6,-11,-42,-74,-77
YYAI,AiRWA Inc. - Common Stock,3,14,-100,-100,-100
Z,"Zillow Group, Inc. - Class C Capital Stock",-1,-23,-35,-59,-65
ZAZZT,Tick Pilot Test Stock Class A Common Stock,,,0,0,0
ZBAO,Zhibao Technology Inc. - Class A Ordinary Shares,25,-43,-86,-89,-91
ZBIO,"Zenas BioPharma, Inc. - Common Stock",1,-18,21,-22,24
ZBZZT,Test Pilot Test Stock Class B Common Stock,,,,,
ZCMD,Zhongchao Inc. - Class A Ordinary Shares,-4,-2,-99,-100,-100
ZCZZT,Tick Pilot Test Stock Class C ,,,,,
ZD,"Ziff Davis, Inc. - Common Stock",1,1,33,67,44
ZDAI,"DirectBooking Technology Co., Ltd. - Class A Ordinary Shares",5,-2,-60,-54,-85
ZENA,"ZenaTech, Inc. - Common Stock",-11,-23,-43,-58,-75
ZEO,Zeo Energy Corporation - Class A Common Stock,-2,36,-46,-71,-74
ZG,"Zillow Group, Inc. - Class A Common Stock",-1,-23,-34,-58,-63
ZION,Zions Bancorporation N.A. - Common Stock,0,-10,8,8,13
ZIONP,Zions Bancorporation N.A. - Depositary Shares each representing a 1/40th ownership interest in a share of Series A Floating-Rate Non-Cumulative Perpetual Preferred Stock,3,2,-2,-6,-12
ZJK,"ZJK Industrial Co., Ltd. - Class A Ordinary Shares",-3,-10,6,-9,-38
ZJYL,JIN MEDICAL INTERNATIONAL LTD. - Class A Ordinary Shares,2,-11,-4,-58,-84
ZJZZT,NASDAQ TEST STOCK,,0,0,0,0
ZKIN,"ZK International Group Co., Ltd - Ordinary Share",5,75,25,29,-20
ZKP,Lafayette Digital Acquisition Corp. I - Class A Ordinary Shares,0,0,2,1,1
ZLAB,Zai Lab Limited - American Depositary Shares,2,-2,28,52,-22
ZM,"Zoom Communications, Inc. - Class A Common Stock",3,-8,10,9,12
ZNB,Zeta Network Group - Class A Ordinary Shares,-7,-31,-92,-100,-100
ZNTL,"Zentalis Pharmaceuticals, Inc. - common stock",2,-33,3,102,72
ZOOZ,ZOOZ Strategy Ltd. - Ordinary Shares,-4,-8,19,-25,-82
ZS,"Zscaler, Inc. - Common Stock",1,12,43,-10,-35
ZSTK,ZeroStack Corp. - Common Stock,-1,0,-3,-30,-75
ZTG,Zenta Group Company Limited - Class A Ordinary Shares,-2,43,-31,-52,-77
ZVZZT,NASDAQ TEST STOCK,,0,0,0,0
ZXZZT,NASDAQ TEST STOCK,,0,0,0,0
ZYBT,Zhengye Biotechnology Holding Limited - Class A Ordinary Shares,-3,-26,35,6,-55
ZYME,Zymeworks Inc. - Common Stock,-3,-11,3,0,56
